[02-Aug-2026 12:54:38 UTC] PHP Warning:  PHP Request Startup: Input variables exceeded 4000. To increase the limit change max_input_vars in php.ini. in Unknown on line 0
[02-Aug-2026 12:54:44 UTC] PHP Warning:  Undefined array key "column" in C:\Users\Utente\Local Sites\your-own-blaiprint\app\public\wp-content\plugins\elementor\core\logger\items\js.php on line 16
[02-Aug-2026 12:54:44 UTC] PHP Warning:  Undefined array key "url" in C:\Users\Utente\Local Sites\your-own-blaiprint\app\public\wp-content\plugins\elementor\core\logger\items\js.php on line 17
[02-Aug-2026 13:53:16 UTC] PHP Warning:  PHP Request Startup: Input variables exceeded 4000. To increase the limit change max_input_vars in php.ini. in Unknown on line 0
[02-Aug-2026 13:53:22 UTC] PHP Warning:  Undefined array key "column" in C:\Users\Utente\Local Sites\your-own-blaiprint\app\public\wp-content\plugins\elementor\core\logger\items\js.php on line 16
[02-Aug-2026 13:53:22 UTC] PHP Warning:  Undefined array key "url" in C:\Users\Utente\Local Sites\your-own-blaiprint\app\public\wp-content\plugins\elementor\core\logger\items\js.php on line 17
[03-Aug-2026 14:57:38 UTC] PHP Warning:  Trying to access array offset on false in C:\Users\Utente\Local Sites\your-own-blaiprint\app\public\wp-content\plugins\elementor\includes\managers\image.php on line 113
[03-Aug-2026 14:57:38 UTC] PHP Warning:  Trying to access array offset on false in C:\Users\Utente\Local Sites\your-own-blaiprint\app\public\wp-content\plugins\elementor\includes\managers\image.php on line 113
[03-Aug-2026 14:57:38 UTC] PHP Warning:  Trying to access array offset on false in C:\Users\Utente\Local Sites\your-own-blaiprint\app\public\wp-content\plugins\elementor\includes\managers\image.php on line 113
[03-Aug-2026 14:57:38 UTC] PHP Warning:  Trying to access array offset on false in C:\Users\Utente\Local Sites\your-own-blaiprint\app\public\wp-content\plugins\elementor\includes\managers\image.php on line 113
[03-Aug-2026 14:57:38 UTC] PHP Warning:  Trying to access array offset on false in C:\Users\Utente\Local Sites\your-own-blaiprint\app\public\wp-content\plugins\elementor\includes\managers\image.php on line 113
[03-Aug-2026 14:57:38 UTC] PHP Warning:  Trying to access array offset on false in C:\Users\Utente\Local Sites\your-own-blaiprint\app\public\wp-content\plugins\elementor\includes\managers\image.php on line 113
[03-Aug-2026 14:57:38 UTC] PHP Warning:  Trying to access array offset on false in C:\Users\Utente\Local Sites\your-own-blaiprint\app\public\wp-content\plugins\elementor\includes\managers\image.php on line 113
[03-Aug-2026 14:57:38 UTC] PHP Warning:  Trying to access array offset on false in C:\Users\Utente\Local Sites\your-own-blaiprint\app\public\wp-content\plugins\elementor\includes\managers\image.php on line 113
[16-Aug-2026 20:38:01 UTC] PHP Warning:  Trying to access array offset on false in C:\Users\Utente\Local Sites\your-own-blaiprint\app\public\wp-content\plugins\elementor\includes\managers\image.php on line 113
[16-Aug-2026 20:38:01 UTC] PHP Warning:  Trying to access array offset on false in C:\Users\Utente\Local Sites\your-own-blaiprint\app\public\wp-content\plugins\elementor\includes\managers\image.php on line 113
[16-Aug-2026 20:38:01 UTC] PHP Warning:  Trying to access array offset on false in C:\Users\Utente\Local Sites\your-own-blaiprint\app\public\wp-content\plugins\elementor\includes\managers\image.php on line 113
[16-Aug-2026 20:38:01 UTC] PHP Warning:  Trying to access array offset on false in C:\Users\Utente\Local Sites\your-own-blaiprint\app\public\wp-content\plugins\elementor\includes\managers\image.php on line 113
[16-Aug-2026 20:38:01 UTC] PHP Warning:  Trying to access array offset on false in C:\Users\Utente\Local Sites\your-own-blaiprint\app\public\wp-content\plugins\elementor\includes\managers\image.php on line 113
[16-Aug-2026 20:38:01 UTC] PHP Warning:  Trying to access array offset on false in C:\Users\Utente\Local Sites\your-own-blaiprint\app\public\wp-content\plugins\elementor\includes\managers\image.php on line 113
[16-Aug-2026 20:38:01 UTC] PHP Warning:  Trying to access array offset on false in C:\Users\Utente\Local Sites\your-own-blaiprint\app\public\wp-content\plugins\elementor\includes\managers\image.php on line 113
[16-Aug-2026 20:38:01 UTC] PHP Warning:  Trying to access array offset on false in C:\Users\Utente\Local Sites\your-own-blaiprint\app\public\wp-content\plugins\elementor\includes\managers\image.php on line 113
[16-Aug-2026 20:38:07 UTC] PHP Warning:  Trying to access array offset on false in C:\Users\Utente\Local Sites\your-own-blaiprint\app\public\wp-content\plugins\elementor\includes\managers\image.php on line 113
[16-Aug-2026 20:38:19 UTC] PHP Warning:  Trying to access array offset on false in C:\Users\Utente\Local Sites\your-own-blaiprint\app\public\wp-content\plugins\elementor\includes\managers\image.php on line 113
[17-Aug-2026 13:24:18 UTC] PHP Fatal error:  Uncaught Error: Call to undefined method WINP_SnippetShortcodePhp::add_control() in C:\Users\Utente\Local Sites\your-own-blaiprint\app\public\wp-content\plugins\insert-php\includes\shortcodes\shortcode-php.php(70) : eval()'d code:1
Stack trace:
#0 C:\Users\Utente\Local Sites\your-own-blaiprint\app\public\wp-content\plugins\insert-php\includes\shortcodes\shortcode-php.php(70): eval()
#1 C:\Users\Utente\Local Sites\your-own-blaiprint\app\public\wp-content\plugins\insert-php\includes\shortcodes\shortcodes.php(85): WINP_SnippetShortcodePhp->html(Array, '', 'wbcr_php_snippe...')
#2 C:\Users\Utente\Local Sites\your-own-blaiprint\app\public\wp-includes\shortcodes.php(434): WINP_SnippetShortcode->render(Array, '', 'wbcr_php_snippe...')
#3 [internal function]: do_shortcode_tag(Array)
#4 C:\Users\Utente\Local Sites\your-own-blaiprint\app\public\wp-includes\shortcodes.php(273): preg_replace_callback('/\\[(\\[?)(wbcr_p...', 'do_shortcode_ta...', '[wbcr_php_snipp...')
#5 C:\Users\Utente\Local Sites\your-own-blaiprint\app\public\wp-content\plugins\elementor\includes\widgets\shortcode.php(141): do_shortcode('[wbcr_php_snipp...')
#6 C:\Users\Utente\Local Sites\your-own-blaiprint\app\public\wp-content\plugins\elementor\includes\base\controls-stack.php(2381): Elementor\Widget_Shortcode->render()
#7 C:\Users\Utente\Local Sites\your-own-blaiprint\app\public\wp-content\plugins\elementor\includes\base\widget-base.php(636): Elementor\Controls_Stack->render_by_mode()
#8 C:\Users\Utente\Local Sites\your-own-blaiprint\app\public\wp-content\plugins\elementor\core\base\document.php(398): Elementor\Widget_Base->render_content()
#9 C:\Users\Utente\Local Sites\your-own-blaiprint\app\public\wp-content\plugins\elementor\includes\managers\widgets.php(502): Elementor\Core\Base\Document->render_element(Array)
#10 [internal function]: Elementor\Widgets_Manager->ajax_render_widget(Array, Object(Elementor\Core\Common\Modules\Ajax\Module))
#11 C:\Users\Utente\Local Sites\your-own-blaiprint\app\public\wp-content\plugins\elementor\core\common\modules\ajax\module.php(176): call_user_func(Array, Array, Object(Elementor\Core\Common\Modules\Ajax\Module))
#12 C:\Users\Utente\Local Sites\your-own-blaiprint\app\public\wp-includes\class-wp-hook.php(341): Elementor\Core\Common\Modules\Ajax\Module->handle_ajax_request('')
#13 C:\Users\Utente\Local Sites\your-own-blaiprint\app\public\wp-includes\class-wp-hook.php(365): WP_Hook->apply_filters('', Array)
#14 C:\Users\Utente\Local Sites\your-own-blaiprint\app\public\wp-includes\plugin.php(522): WP_Hook->do_action(Array)
#15 C:\Users\Utente\Local Sites\your-own-blaiprint\app\public\wp-admin\admin-ajax.php(192): do_action('wp_ajax_element...')
#16 {main}
  thrown in C:\Users\Utente\Local Sites\your-own-blaiprint\app\public\wp-content\plugins\insert-php\includes\shortcodes\shortcode-php.php(70) : eval()'d code on line 1
[17-Aug-2026 13:24:22 UTC] PHP Fatal error:  Uncaught Error: Call to undefined method WINP_SnippetShortcodePhp::add_control() in C:\Users\Utente\Local Sites\your-own-blaiprint\app\public\wp-content\plugins\insert-php\includes\shortcodes\shortcode-php.php(70) : eval()'d code:1
Stack trace:
#0 C:\Users\Utente\Local Sites\your-own-blaiprint\app\public\wp-content\plugins\insert-php\includes\shortcodes\shortcode-php.php(70): eval()
#1 C:\Users\Utente\Local Sites\your-own-blaiprint\app\public\wp-content\plugins\insert-php\includes\shortcodes\shortcodes.php(85): WINP_SnippetShortcodePhp->html(Array, '', 'wbcr_php_snippe...')
#2 C:\Users\Utente\Local Sites\your-own-blaiprint\app\public\wp-includes\shortcodes.php(434): WINP_SnippetShortcode->render(Array, '', 'wbcr_php_snippe...')
#3 [internal function]: do_shortcode_tag(Array)
#4 C:\Users\Utente\Local Sites\your-own-blaiprint\app\public\wp-includes\shortcodes.php(273): preg_replace_callback('/\\[(\\[?)(wbcr_p...', 'do_shortcode_ta...', '[wbcr_php_snipp...')
#5 C:\Users\Utente\Local Sites\your-own-blaiprint\app\public\wp-content\plugins\elementor\includes\widgets\shortcode.php(141): do_shortcode('[wbcr_php_snipp...')
#6 C:\Users\Utente\Local Sites\your-own-blaiprint\app\public\wp-content\plugins\elementor\includes\base\controls-stack.php(2381): Elementor\Widget_Shortcode->render()
#7 C:\Users\Utente\Local Sites\your-own-blaiprint\app\public\wp-content\plugins\elementor\includes\base\widget-base.php(636): Elementor\Controls_Stack->render_by_mode()
#8 C:\Users\Utente\Local Sites\your-own-blaiprint\app\public\wp-content\plugins\elementor\core\base\document.php(398): Elementor\Widget_Base->render_content()
#9 C:\Users\Utente\Local Sites\your-own-blaiprint\app\public\wp-content\plugins\elementor\includes\managers\widgets.php(502): Elementor\Core\Base\Document->render_element(Array)
#10 [internal function]: Elementor\Widgets_Manager->ajax_render_widget(Array, Object(Elementor\Core\Common\Modules\Ajax\Module))
#11 C:\Users\Utente\Local Sites\your-own-blaiprint\app\public\wp-content\plugins\elementor\core\common\modules\ajax\module.php(176): call_user_func(Array, Array, Object(Elementor\Core\Common\Modules\Ajax\Module))
#12 C:\Users\Utente\Local Sites\your-own-blaiprint\app\public\wp-includes\class-wp-hook.php(341): Elementor\Core\Common\Modules\Ajax\Module->handle_ajax_request('')
#13 C:\Users\Utente\Local Sites\your-own-blaiprint\app\public\wp-includes\class-wp-hook.php(365): WP_Hook->apply_filters('', Array)
#14 C:\Users\Utente\Local Sites\your-own-blaiprint\app\public\wp-includes\plugin.php(522): WP_Hook->do_action(Array)
#15 C:\Users\Utente\Local Sites\your-own-blaiprint\app\public\wp-admin\admin-ajax.php(192): do_action('wp_ajax_element...')
#16 {main}
  thrown in C:\Users\Utente\Local Sites\your-own-blaiprint\app\public\wp-content\plugins\insert-php\includes\shortcodes\shortcode-php.php(70) : eval()'d code on line 1
[17-Aug-2026 13:27:36 UTC] PHP Fatal error:  Uncaught Error: Call to undefined method WINP_SnippetShortcodePhp::add_control() in C:\Users\Utente\Local Sites\your-own-blaiprint\app\public\wp-content\plugins\insert-php\includes\shortcodes\shortcode-php.php(70) : eval()'d code:1
Stack trace:
#0 C:\Users\Utente\Local Sites\your-own-blaiprint\app\public\wp-content\plugins\insert-php\includes\shortcodes\shortcode-php.php(70): eval()
#1 C:\Users\Utente\Local Sites\your-own-blaiprint\app\public\wp-content\plugins\insert-php\includes\shortcodes\shortcodes.php(85): WINP_SnippetShortcodePhp->html(Array, '', 'wbcr_php_snippe...')
#2 C:\Users\Utente\Local Sites\your-own-blaiprint\app\public\wp-includes\shortcodes.php(434): WINP_SnippetShortcode->render(Array, '', 'wbcr_php_snippe...')
#3 [internal function]: do_shortcode_tag(Array)
#4 C:\Users\Utente\Local Sites\your-own-blaiprint\app\public\wp-includes\shortcodes.php(273): preg_replace_callback('/\\[(\\[?)(wbcr_p...', 'do_shortcode_ta...', '[wbcr_php_snipp...')
#5 C:\Users\Utente\Local Sites\your-own-blaiprint\app\public\wp-content\plugins\elementor\includes\widgets\shortcode.php(141): do_shortcode('[wbcr_php_snipp...')
#6 C:\Users\Utente\Local Sites\your-own-blaiprint\app\public\wp-content\plugins\elementor\includes\base\controls-stack.php(2381): Elementor\Widget_Shortcode->render()
#7 C:\Users\Utente\Local Sites\your-own-blaiprint\app\public\wp-content\plugins\elementor\includes\base\widget-base.php(636): Elementor\Controls_Stack->render_by_mode()
#8 C:\Users\Utente\Local Sites\your-own-blaiprint\app\public\wp-content\plugins\elementor\includes\base\widget-base.php(782): Elementor\Widget_Base->render_content()
#9 C:\Users\Utente\Local Sites\your-own-blaiprint\app\public\wp-content\plugins\elementor\includes\base\element-base.php(522): Elementor\Widget_Base->print_content()
#10 C:\Users\Utente\Local Sites\your-own-blaiprint\app\public\wp-content\plugins\elementor\modules\element-cache\module.php(71): Elementor\Element_Base->print_element()
#11 C:\Users\Utente\Local Sites\your-own-blaiprint\app\public\wp-includes\shortcodes.php(434): Elementor\Modules\ElementCache\Module->{closure:Elementor\Modules\ElementCache\Module::register_shortcode():51}(Array, '', 'elementor-eleme...')
#12 [internal function]: do_shortcode_tag(Array)
#13 C:\Users\Utente\Local Sites\your-own-blaiprint\app\public\wp-includes\shortcodes.php(273): preg_replace_callback('/\\[(\\[?)(elemen...', 'do_shortcode_ta...', '<div class="ele...')
#14 C:\Users\Utente\Local Sites\your-own-blaiprint\app\public\wp-content\plugins\elementor\core\base\document.php(1903): do_shortcode('<div class="ele...')
#15 C:\Users\Utente\Local Sites\your-own-blaiprint\app\public\wp-content\plugins\elementor\core\base\document.php(1236): Elementor\Core\Base\Document->print_elements(Array)
#16 C:\Users\Utente\Local Sites\your-own-blaiprint\app\public\wp-content\plugins\elementor\includes\frontend.php(1223): Elementor\Core\Base\Document->print_elements_with_wrapper(Array)
#17 C:\Users\Utente\Local Sites\your-own-blaiprint\app\public\wp-content\plugins\elementor\includes\frontend.php(1105): Elementor\Frontend->get_builder_content(195)
#18 C:\Users\Utente\Local Sites\your-own-blaiprint\app\public\wp-includes\class-wp-hook.php(341): Elementor\Frontend->apply_builder_in_content('<h2>Mathematica...')
#19 C:\Users\Utente\Local Sites\your-own-blaiprint\app\public\wp-includes\plugin.php(205): WP_Hook->apply_filters('<h2>Mathematica...', Array)
#20 C:\Users\Utente\Local Sites\your-own-blaiprint\app\public\wp-includes\post-template.php(256): apply_filters('the_content', '<h2>Mathematica...')
#21 C:\Users\Utente\Local Sites\your-own-blaiprint\app\public\wp-content\plugins\elementor\modules\page-templates\module.php(188): the_content()
#22 [internal function]: Elementor\Modules\PageTemplates\Module->print_callback()
#23 C:\Users\Utente\Local Sites\your-own-blaiprint\app\public\wp-content\plugins\elementor\modules\page-templates\module.php(205): call_user_func(Array)
#24 C:\Users\Utente\Local Sites\your-own-blaiprint\app\public\wp-content\plugins\elementor\modules\page-templates\templates\canvas.php(41): Elementor\Modules\PageTemplates\Module->print_content()
#25 C:\Users\Utente\Local Sites\your-own-blaiprint\app\public\wp-includes\template-loader.php(132): include('C:\\Users\\Utente...')
#26 C:\Users\Utente\Local Sites\your-own-blaiprint\app\public\wp-blog-header.php(19): require_once('C:\\Users\\Utente...')
#27 C:\Users\Utente\Local Sites\your-own-blaiprint\app\public\index.php(17): require('C:\\Users\\Utente...')
#28 {main}
  thrown in C:\Users\Utente\Local Sites\your-own-blaiprint\app\public\wp-content\plugins\insert-php\includes\shortcodes\shortcode-php.php(70) : eval()'d code on line 1
[17-Aug-2026 13:27:39 UTC] PHP Fatal error:  Uncaught Error: Call to undefined method WINP_SnippetShortcodePhp::add_control() in C:\Users\Utente\Local Sites\your-own-blaiprint\app\public\wp-content\plugins\insert-php\includes\shortcodes\shortcode-php.php(70) : eval()'d code:1
Stack trace:
#0 C:\Users\Utente\Local Sites\your-own-blaiprint\app\public\wp-content\plugins\insert-php\includes\shortcodes\shortcode-php.php(70): eval()
#1 C:\Users\Utente\Local Sites\your-own-blaiprint\app\public\wp-content\plugins\insert-php\includes\shortcodes\shortcodes.php(85): WINP_SnippetShortcodePhp->html(Array, '', 'wbcr_php_snippe...')
#2 C:\Users\Utente\Local Sites\your-own-blaiprint\app\public\wp-includes\shortcodes.php(434): WINP_SnippetShortcode->render(Array, '', 'wbcr_php_snippe...')
#3 [internal function]: do_shortcode_tag(Array)
#4 C:\Users\Utente\Local Sites\your-own-blaiprint\app\public\wp-includes\shortcodes.php(273): preg_replace_callback('/\\[(\\[?)(wbcr_p...', 'do_shortcode_ta...', '[wbcr_php_snipp...')
#5 C:\Users\Utente\Local Sites\your-own-blaiprint\app\public\wp-content\plugins\elementor\includes\widgets\shortcode.php(141): do_shortcode('[wbcr_php_snipp...')
#6 C:\Users\Utente\Local Sites\your-own-blaiprint\app\public\wp-content\plugins\elementor\includes\base\controls-stack.php(2381): Elementor\Widget_Shortcode->render()
#7 C:\Users\Utente\Local Sites\your-own-blaiprint\app\public\wp-content\plugins\elementor\includes\base\widget-base.php(636): Elementor\Controls_Stack->render_by_mode()
#8 C:\Users\Utente\Local Sites\your-own-blaiprint\app\public\wp-content\plugins\elementor\includes\base\widget-base.php(782): Elementor\Widget_Base->render_content()
#9 C:\Users\Utente\Local Sites\your-own-blaiprint\app\public\wp-content\plugins\elementor\includes\base\element-base.php(522): Elementor\Widget_Base->print_content()
#10 C:\Users\Utente\Local Sites\your-own-blaiprint\app\public\wp-content\plugins\elementor\modules\element-cache\module.php(71): Elementor\Element_Base->print_element()
#11 C:\Users\Utente\Local Sites\your-own-blaiprint\app\public\wp-includes\shortcodes.php(434): Elementor\Modules\ElementCache\Module->{closure:Elementor\Modules\ElementCache\Module::register_shortcode():51}(Array, '', 'elementor-eleme...')
#12 [internal function]: do_shortcode_tag(Array)
#13 C:\Users\Utente\Local Sites\your-own-blaiprint\app\public\wp-includes\shortcodes.php(273): preg_replace_callback('/\\[(\\[?)(elemen...', 'do_shortcode_ta...', '<div class="ele...')
#14 C:\Users\Utente\Local Sites\your-own-blaiprint\app\public\wp-content\plugins\elementor\core\base\document.php(1903): do_shortcode('<div class="ele...')
#15 C:\Users\Utente\Local Sites\your-own-blaiprint\app\public\wp-content\plugins\elementor\core\base\document.php(1236): Elementor\Core\Base\Document->print_elements(Array)
#16 C:\Users\Utente\Local Sites\your-own-blaiprint\app\public\wp-content\plugins\elementor\includes\frontend.php(1223): Elementor\Core\Base\Document->print_elements_with_wrapper(Array)
#17 C:\Users\Utente\Local Sites\your-own-blaiprint\app\public\wp-content\plugins\elementor\includes\frontend.php(1105): Elementor\Frontend->get_builder_content(195)
#18 C:\Users\Utente\Local Sites\your-own-blaiprint\app\public\wp-includes\class-wp-hook.php(341): Elementor\Frontend->apply_builder_in_content('<h2>Mathematica...')
#19 C:\Users\Utente\Local Sites\your-own-blaiprint\app\public\wp-includes\plugin.php(205): WP_Hook->apply_filters('<h2>Mathematica...', Array)
#20 C:\Users\Utente\Local Sites\your-own-blaiprint\app\public\wp-includes\post-template.php(256): apply_filters('the_content', '<h2>Mathematica...')
#21 C:\Users\Utente\Local Sites\your-own-blaiprint\app\public\wp-content\plugins\elementor\modules\page-templates\module.php(188): the_content()
#22 [internal function]: Elementor\Modules\PageTemplates\Module->print_callback()
#23 C:\Users\Utente\Local Sites\your-own-blaiprint\app\public\wp-content\plugins\elementor\modules\page-templates\module.php(205): call_user_func(Array)
#24 C:\Users\Utente\Local Sites\your-own-blaiprint\app\public\wp-content\plugins\elementor\modules\page-templates\templates\canvas.php(41): Elementor\Modules\PageTemplates\Module->print_content()
#25 C:\Users\Utente\Local Sites\your-own-blaiprint\app\public\wp-includes\template-loader.php(132): include('C:\\Users\\Utente...')
#26 C:\Users\Utente\Local Sites\your-own-blaiprint\app\public\wp-blog-header.php(19): require_once('C:\\Users\\Utente...')
#27 C:\Users\Utente\Local Sites\your-own-blaiprint\app\public\index.php(17): require('C:\\Users\\Utente...')
#28 {main}
  thrown in C:\Users\Utente\Local Sites\your-own-blaiprint\app\public\wp-content\plugins\insert-php\includes\shortcodes\shortcode-php.php(70) : eval()'d code on line 1
[17-Aug-2026 13:27:41 UTC] PHP Fatal error:  Uncaught Error: Call to undefined method WINP_SnippetShortcodePhp::add_control() in C:\Users\Utente\Local Sites\your-own-blaiprint\app\public\wp-content\plugins\insert-php\includes\shortcodes\shortcode-php.php(70) : eval()'d code:1
Stack trace:
#0 C:\Users\Utente\Local Sites\your-own-blaiprint\app\public\wp-content\plugins\insert-php\includes\shortcodes\shortcode-php.php(70): eval()
#1 C:\Users\Utente\Local Sites\your-own-blaiprint\app\public\wp-content\plugins\insert-php\includes\shortcodes\shortcodes.php(85): WINP_SnippetShortcodePhp->html(Array, '', 'wbcr_php_snippe...')
#2 C:\Users\Utente\Local Sites\your-own-blaiprint\app\public\wp-includes\shortcodes.php(434): WINP_SnippetShortcode->render(Array, '', 'wbcr_php_snippe...')
#3 [internal function]: do_shortcode_tag(Array)
#4 C:\Users\Utente\Local Sites\your-own-blaiprint\app\public\wp-includes\shortcodes.php(273): preg_replace_callback('/\\[(\\[?)(wbcr_p...', 'do_shortcode_ta...', '[wbcr_php_snipp...')
#5 C:\Users\Utente\Local Sites\your-own-blaiprint\app\public\wp-content\plugins\elementor\includes\widgets\shortcode.php(141): do_shortcode('[wbcr_php_snipp...')
#6 C:\Users\Utente\Local Sites\your-own-blaiprint\app\public\wp-content\plugins\elementor\includes\base\controls-stack.php(2381): Elementor\Widget_Shortcode->render()
#7 C:\Users\Utente\Local Sites\your-own-blaiprint\app\public\wp-content\plugins\elementor\includes\base\widget-base.php(636): Elementor\Controls_Stack->render_by_mode()
#8 C:\Users\Utente\Local Sites\your-own-blaiprint\app\public\wp-content\plugins\elementor\includes\base\widget-base.php(782): Elementor\Widget_Base->render_content()
#9 C:\Users\Utente\Local Sites\your-own-blaiprint\app\public\wp-content\plugins\elementor\includes\base\element-base.php(522): Elementor\Widget_Base->print_content()
#10 C:\Users\Utente\Local Sites\your-own-blaiprint\app\public\wp-content\plugins\elementor\modules\element-cache\module.php(71): Elementor\Element_Base->print_element()
#11 C:\Users\Utente\Local Sites\your-own-blaiprint\app\public\wp-includes\shortcodes.php(434): Elementor\Modules\ElementCache\Module->{closure:Elementor\Modules\ElementCache\Module::register_shortcode():51}(Array, '', 'elementor-eleme...')
#12 [internal function]: do_shortcode_tag(Array)
#13 C:\Users\Utente\Local Sites\your-own-blaiprint\app\public\wp-includes\shortcodes.php(273): preg_replace_callback('/\\[(\\[?)(elemen...', 'do_shortcode_ta...', '<div class="ele...')
#14 C:\Users\Utente\Local Sites\your-own-blaiprint\app\public\wp-content\plugins\elementor\core\base\document.php(1903): do_shortcode('<div class="ele...')
#15 C:\Users\Utente\Local Sites\your-own-blaiprint\app\public\wp-content\plugins\elementor\core\base\document.php(1236): Elementor\Core\Base\Document->print_elements(Array)
#16 C:\Users\Utente\Local Sites\your-own-blaiprint\app\public\wp-content\plugins\elementor\includes\frontend.php(1223): Elementor\Core\Base\Document->print_elements_with_wrapper(Array)
#17 C:\Users\Utente\Local Sites\your-own-blaiprint\app\public\wp-content\plugins\elementor\includes\frontend.php(1105): Elementor\Frontend->get_builder_content(195)
#18 C:\Users\Utente\Local Sites\your-own-blaiprint\app\public\wp-includes\class-wp-hook.php(341): Elementor\Frontend->apply_builder_in_content('<h2>Mathematica...')
#19 C:\Users\Utente\Local Sites\your-own-blaiprint\app\public\wp-includes\plugin.php(205): WP_Hook->apply_filters('<h2>Mathematica...', Array)
#20 C:\Users\Utente\Local Sites\your-own-blaiprint\app\public\wp-includes\post-template.php(256): apply_filters('the_content', '<h2>Mathematica...')
#21 C:\Users\Utente\Local Sites\your-own-blaiprint\app\public\wp-content\plugins\elementor\modules\page-templates\module.php(188): the_content()
#22 [internal function]: Elementor\Modules\PageTemplates\Module->print_callback()
#23 C:\Users\Utente\Local Sites\your-own-blaiprint\app\public\wp-content\plugins\elementor\modules\page-templates\module.php(205): call_user_func(Array)
#24 C:\Users\Utente\Local Sites\your-own-blaiprint\app\public\wp-content\plugins\elementor\modules\page-templates\templates\canvas.php(41): Elementor\Modules\PageTemplates\Module->print_content()
#25 C:\Users\Utente\Local Sites\your-own-blaiprint\app\public\wp-includes\template-loader.php(132): include('C:\\Users\\Utente...')
#26 C:\Users\Utente\Local Sites\your-own-blaiprint\app\public\wp-blog-header.php(19): require_once('C:\\Users\\Utente...')
#27 C:\Users\Utente\Local Sites\your-own-blaiprint\app\public\index.php(17): require('C:\\Users\\Utente...')
#28 {main}
  thrown in C:\Users\Utente\Local Sites\your-own-blaiprint\app\public\wp-content\plugins\insert-php\includes\shortcodes\shortcode-php.php(70) : eval()'d code on line 1
[17-Aug-2026 13:27:50 UTC] PHP Fatal error:  Uncaught Error: Call to undefined method WINP_SnippetShortcodePhp::add_control() in C:\Users\Utente\Local Sites\your-own-blaiprint\app\public\wp-content\plugins\insert-php\includes\shortcodes\shortcode-php.php(70) : eval()'d code:1
Stack trace:
#0 C:\Users\Utente\Local Sites\your-own-blaiprint\app\public\wp-content\plugins\insert-php\includes\shortcodes\shortcode-php.php(70): eval()
#1 C:\Users\Utente\Local Sites\your-own-blaiprint\app\public\wp-content\plugins\insert-php\includes\shortcodes\shortcodes.php(85): WINP_SnippetShortcodePhp->html(Array, '', 'wbcr_php_snippe...')
#2 C:\Users\Utente\Local Sites\your-own-blaiprint\app\public\wp-includes\shortcodes.php(434): WINP_SnippetShortcode->render(Array, '', 'wbcr_php_snippe...')
#3 [internal function]: do_shortcode_tag(Array)
#4 C:\Users\Utente\Local Sites\your-own-blaiprint\app\public\wp-includes\shortcodes.php(273): preg_replace_callback('/\\[(\\[?)(wbcr_p...', 'do_shortcode_ta...', '[wbcr_php_snipp...')
#5 C:\Users\Utente\Local Sites\your-own-blaiprint\app\public\wp-content\plugins\elementor\includes\widgets\shortcode.php(141): do_shortcode('[wbcr_php_snipp...')
#6 C:\Users\Utente\Local Sites\your-own-blaiprint\app\public\wp-content\plugins\elementor\includes\base\controls-stack.php(2381): Elementor\Widget_Shortcode->render()
#7 C:\Users\Utente\Local Sites\your-own-blaiprint\app\public\wp-content\plugins\elementor\includes\base\widget-base.php(636): Elementor\Controls_Stack->render_by_mode()
#8 C:\Users\Utente\Local Sites\your-own-blaiprint\app\public\wp-content\plugins\elementor\includes\base\widget-base.php(782): Elementor\Widget_Base->render_content()
#9 C:\Users\Utente\Local Sites\your-own-blaiprint\app\public\wp-content\plugins\elementor\includes\base\element-base.php(522): Elementor\Widget_Base->print_content()
#10 C:\Users\Utente\Local Sites\your-own-blaiprint\app\public\wp-content\plugins\elementor\modules\element-cache\module.php(71): Elementor\Element_Base->print_element()
#11 C:\Users\Utente\Local Sites\your-own-blaiprint\app\public\wp-includes\shortcodes.php(434): Elementor\Modules\ElementCache\Module->{closure:Elementor\Modules\ElementCache\Module::register_shortcode():51}(Array, '', 'elementor-eleme...')
#12 [internal function]: do_shortcode_tag(Array)
#13 C:\Users\Utente\Local Sites\your-own-blaiprint\app\public\wp-includes\shortcodes.php(273): preg_replace_callback('/\\[(\\[?)(elemen...', 'do_shortcode_ta...', '<div class="ele...')
#14 C:\Users\Utente\Local Sites\your-own-blaiprint\app\public\wp-content\plugins\elementor\core\base\document.php(1903): do_shortcode('<div class="ele...')
#15 C:\Users\Utente\Local Sites\your-own-blaiprint\app\public\wp-content\plugins\elementor\core\base\document.php(1236): Elementor\Core\Base\Document->print_elements(Array)
#16 C:\Users\Utente\Local Sites\your-own-blaiprint\app\public\wp-content\plugins\elementor\includes\frontend.php(1223): Elementor\Core\Base\Document->print_elements_with_wrapper(Array)
#17 C:\Users\Utente\Local Sites\your-own-blaiprint\app\public\wp-content\plugins\elementor\includes\frontend.php(1105): Elementor\Frontend->get_builder_content(195)
#18 C:\Users\Utente\Local Sites\your-own-blaiprint\app\public\wp-includes\class-wp-hook.php(341): Elementor\Frontend->apply_builder_in_content('<h2>Mathematica...')
#19 C:\Users\Utente\Local Sites\your-own-blaiprint\app\public\wp-includes\plugin.php(205): WP_Hook->apply_filters('<h2>Mathematica...', Array)
#20 C:\Users\Utente\Local Sites\your-own-blaiprint\app\public\wp-includes\post-template.php(256): apply_filters('the_content', '<h2>Mathematica...')
#21 C:\Users\Utente\Local Sites\your-own-blaiprint\app\public\wp-content\plugins\elementor\modules\page-templates\module.php(188): the_content()
#22 [internal function]: Elementor\Modules\PageTemplates\Module->print_callback()
#23 C:\Users\Utente\Local Sites\your-own-blaiprint\app\public\wp-content\plugins\elementor\modules\page-templates\module.php(205): call_user_func(Array)
#24 C:\Users\Utente\Local Sites\your-own-blaiprint\app\public\wp-content\plugins\elementor\modules\page-templates\templates\canvas.php(41): Elementor\Modules\PageTemplates\Module->print_content()
#25 C:\Users\Utente\Local Sites\your-own-blaiprint\app\public\wp-includes\template-loader.php(132): include('C:\\Users\\Utente...')
#26 C:\Users\Utente\Local Sites\your-own-blaiprint\app\public\wp-blog-header.php(19): require_once('C:\\Users\\Utente...')
#27 C:\Users\Utente\Local Sites\your-own-blaiprint\app\public\index.php(17): require('C:\\Users\\Utente...')
#28 {main}
  thrown in C:\Users\Utente\Local Sites\your-own-blaiprint\app\public\wp-content\plugins\insert-php\includes\shortcodes\shortcode-php.php(70) : eval()'d code on line 1
[17-Aug-2026 13:30:32 UTC] PHP Fatal error:  Uncaught Error: Call to undefined method WINP_SnippetShortcodePhp::add_control() in C:\Users\Utente\Local Sites\your-own-blaiprint\app\public\wp-content\plugins\insert-php\includes\shortcodes\shortcode-php.php(70) : eval()'d code:1
Stack trace:
#0 C:\Users\Utente\Local Sites\your-own-blaiprint\app\public\wp-content\plugins\insert-php\includes\shortcodes\shortcode-php.php(70): eval()
#1 C:\Users\Utente\Local Sites\your-own-blaiprint\app\public\wp-content\plugins\insert-php\includes\shortcodes\shortcodes.php(85): WINP_SnippetShortcodePhp->html(Array, '', 'wbcr_php_snippe...')
#2 C:\Users\Utente\Local Sites\your-own-blaiprint\app\public\wp-includes\shortcodes.php(434): WINP_SnippetShortcode->render(Array, '', 'wbcr_php_snippe...')
#3 [internal function]: do_shortcode_tag(Array)
#4 C:\Users\Utente\Local Sites\your-own-blaiprint\app\public\wp-includes\shortcodes.php(273): preg_replace_callback('/\\[(\\[?)(wbcr_p...', 'do_shortcode_ta...', '[wbcr_php_snipp...')
#5 C:\Users\Utente\Local Sites\your-own-blaiprint\app\public\wp-content\plugins\elementor\includes\widgets\shortcode.php(141): do_shortcode('[wbcr_php_snipp...')
#6 C:\Users\Utente\Local Sites\your-own-blaiprint\app\public\wp-content\plugins\elementor\includes\base\controls-stack.php(2381): Elementor\Widget_Shortcode->render()
#7 C:\Users\Utente\Local Sites\your-own-blaiprint\app\public\wp-content\plugins\elementor\includes\base\widget-base.php(636): Elementor\Controls_Stack->render_by_mode()
#8 C:\Users\Utente\Local Sites\your-own-blaiprint\app\public\wp-content\plugins\elementor\core\base\document.php(398): Elementor\Widget_Base->render_content()
#9 C:\Users\Utente\Local Sites\your-own-blaiprint\app\public\wp-content\plugins\elementor\includes\managers\widgets.php(502): Elementor\Core\Base\Document->render_element(Array)
#10 [internal function]: Elementor\Widgets_Manager->ajax_render_widget(Array, Object(Elementor\Core\Common\Modules\Ajax\Module))
#11 C:\Users\Utente\Local Sites\your-own-blaiprint\app\public\wp-content\plugins\elementor\core\common\modules\ajax\module.php(176): call_user_func(Array, Array, Object(Elementor\Core\Common\Modules\Ajax\Module))
#12 C:\Users\Utente\Local Sites\your-own-blaiprint\app\public\wp-includes\class-wp-hook.php(341): Elementor\Core\Common\Modules\Ajax\Module->handle_ajax_request('')
#13 C:\Users\Utente\Local Sites\your-own-blaiprint\app\public\wp-includes\class-wp-hook.php(365): WP_Hook->apply_filters('', Array)
#14 C:\Users\Utente\Local Sites\your-own-blaiprint\app\public\wp-includes\plugin.php(522): WP_Hook->do_action(Array)
#15 C:\Users\Utente\Local Sites\your-own-blaiprint\app\public\wp-admin\admin-ajax.php(192): do_action('wp_ajax_element...')
#16 {main}
  thrown in C:\Users\Utente\Local Sites\your-own-blaiprint\app\public\wp-content\plugins\insert-php\includes\shortcodes\shortcode-php.php(70) : eval()'d code on line 1
[17-Aug-2026 13:30:39 UTC] PHP Fatal error:  Uncaught Error: Call to undefined method WINP_SnippetShortcodePhp::add_control() in C:\Users\Utente\Local Sites\your-own-blaiprint\app\public\wp-content\plugins\insert-php\includes\shortcodes\shortcode-php.php(70) : eval()'d code:1
Stack trace:
#0 C:\Users\Utente\Local Sites\your-own-blaiprint\app\public\wp-content\plugins\insert-php\includes\shortcodes\shortcode-php.php(70): eval()
#1 C:\Users\Utente\Local Sites\your-own-blaiprint\app\public\wp-content\plugins\insert-php\includes\shortcodes\shortcodes.php(85): WINP_SnippetShortcodePhp->html(Array, '', 'wbcr_php_snippe...')
#2 C:\Users\Utente\Local Sites\your-own-blaiprint\app\public\wp-includes\shortcodes.php(434): WINP_SnippetShortcode->render(Array, '', 'wbcr_php_snippe...')
#3 [internal function]: do_shortcode_tag(Array)
#4 C:\Users\Utente\Local Sites\your-own-blaiprint\app\public\wp-includes\shortcodes.php(273): preg_replace_callback('/\\[(\\[?)(wbcr_p...', 'do_shortcode_ta...', '[wbcr_php_snipp...')
#5 C:\Users\Utente\Local Sites\your-own-blaiprint\app\public\wp-content\plugins\elementor\includes\widgets\shortcode.php(141): do_shortcode('[wbcr_php_snipp...')
#6 C:\Users\Utente\Local Sites\your-own-blaiprint\app\public\wp-content\plugins\elementor\includes\base\controls-stack.php(2381): Elementor\Widget_Shortcode->render()
#7 C:\Users\Utente\Local Sites\your-own-blaiprint\app\public\wp-content\plugins\elementor\includes\base\widget-base.php(636): Elementor\Controls_Stack->render_by_mode()
#8 C:\Users\Utente\Local Sites\your-own-blaiprint\app\public\wp-content\plugins\elementor\core\base\document.php(398): Elementor\Widget_Base->render_content()
#9 C:\Users\Utente\Local Sites\your-own-blaiprint\app\public\wp-content\plugins\elementor\includes\managers\widgets.php(502): Elementor\Core\Base\Document->render_element(Array)
#10 [internal function]: Elementor\Widgets_Manager->ajax_render_widget(Array, Object(Elementor\Core\Common\Modules\Ajax\Module))
#11 C:\Users\Utente\Local Sites\your-own-blaiprint\app\public\wp-content\plugins\elementor\core\common\modules\ajax\module.php(176): call_user_func(Array, Array, Object(Elementor\Core\Common\Modules\Ajax\Module))
#12 C:\Users\Utente\Local Sites\your-own-blaiprint\app\public\wp-includes\class-wp-hook.php(341): Elementor\Core\Common\Modules\Ajax\Module->handle_ajax_request('')
#13 C:\Users\Utente\Local Sites\your-own-blaiprint\app\public\wp-includes\class-wp-hook.php(365): WP_Hook->apply_filters('', Array)
#14 C:\Users\Utente\Local Sites\your-own-blaiprint\app\public\wp-includes\plugin.php(522): WP_Hook->do_action(Array)
#15 C:\Users\Utente\Local Sites\your-own-blaiprint\app\public\wp-admin\admin-ajax.php(192): do_action('wp_ajax_element...')
#16 {main}
  thrown in C:\Users\Utente\Local Sites\your-own-blaiprint\app\public\wp-content\plugins\insert-php\includes\shortcodes\shortcode-php.php(70) : eval()'d code on line 1
[17-Aug-2026 13:31:10 UTC] PHP Fatal error:  Uncaught Error: Call to undefined method WINP_SnippetShortcodePhp::add_control() in C:\Users\Utente\Local Sites\your-own-blaiprint\app\public\wp-content\plugins\insert-php\includes\shortcodes\shortcode-php.php(70) : eval()'d code:1
Stack trace:
#0 C:\Users\Utente\Local Sites\your-own-blaiprint\app\public\wp-content\plugins\insert-php\includes\shortcodes\shortcode-php.php(70): eval()
#1 C:\Users\Utente\Local Sites\your-own-blaiprint\app\public\wp-content\plugins\insert-php\includes\shortcodes\shortcodes.php(85): WINP_SnippetShortcodePhp->html(Array, '', 'wbcr_php_snippe...')
#2 C:\Users\Utente\Local Sites\your-own-blaiprint\app\public\wp-includes\shortcodes.php(434): WINP_SnippetShortcode->render(Array, '', 'wbcr_php_snippe...')
#3 [internal function]: do_shortcode_tag(Array)
#4 C:\Users\Utente\Local Sites\your-own-blaiprint\app\public\wp-includes\shortcodes.php(273): preg_replace_callback('/\\[(\\[?)(wbcr_p...', 'do_shortcode_ta...', '[wbcr_php_snipp...')
#5 C:\Users\Utente\Local Sites\your-own-blaiprint\app\public\wp-content\plugins\elementor\includes\widgets\shortcode.php(141): do_shortcode('[wbcr_php_snipp...')
#6 C:\Users\Utente\Local Sites\your-own-blaiprint\app\public\wp-content\plugins\elementor\includes\base\controls-stack.php(2381): Elementor\Widget_Shortcode->render()
#7 C:\Users\Utente\Local Sites\your-own-blaiprint\app\public\wp-content\plugins\elementor\includes\base\widget-base.php(636): Elementor\Controls_Stack->render_by_mode()
#8 C:\Users\Utente\Local Sites\your-own-blaiprint\app\public\wp-content\plugins\elementor\includes\base\widget-base.php(782): Elementor\Widget_Base->render_content()
#9 C:\Users\Utente\Local Sites\your-own-blaiprint\app\public\wp-content\plugins\elementor\includes\base\element-base.php(522): Elementor\Widget_Base->print_content()
#10 C:\Users\Utente\Local Sites\your-own-blaiprint\app\public\wp-content\plugins\elementor\modules\element-cache\module.php(71): Elementor\Element_Base->print_element()
#11 C:\Users\Utente\Local Sites\your-own-blaiprint\app\public\wp-includes\shortcodes.php(434): Elementor\Modules\ElementCache\Module->{closure:Elementor\Modules\ElementCache\Module::register_shortcode():51}(Array, '', 'elementor-eleme...')
#12 [internal function]: do_shortcode_tag(Array)
#13 C:\Users\Utente\Local Sites\your-own-blaiprint\app\public\wp-includes\shortcodes.php(273): preg_replace_callback('/\\[(\\[?)(elemen...', 'do_shortcode_ta...', '<div class="ele...')
#14 C:\Users\Utente\Local Sites\your-own-blaiprint\app\public\wp-content\plugins\elementor\core\base\document.php(1903): do_shortcode('<div class="ele...')
#15 C:\Users\Utente\Local Sites\your-own-blaiprint\app\public\wp-content\plugins\elementor\core\base\document.php(1236): Elementor\Core\Base\Document->print_elements(Array)
#16 C:\Users\Utente\Local Sites\your-own-blaiprint\app\public\wp-content\plugins\elementor\includes\frontend.php(1223): Elementor\Core\Base\Document->print_elements_with_wrapper(Array)
#17 C:\Users\Utente\Local Sites\your-own-blaiprint\app\public\wp-content\plugins\elementor\includes\frontend.php(1105): Elementor\Frontend->get_builder_content(195)
#18 C:\Users\Utente\Local Sites\your-own-blaiprint\app\public\wp-includes\class-wp-hook.php(341): Elementor\Frontend->apply_builder_in_content('<h2>Mathematica...')
#19 C:\Users\Utente\Local Sites\your-own-blaiprint\app\public\wp-includes\plugin.php(205): WP_Hook->apply_filters('<h2>Mathematica...', Array)
#20 C:\Users\Utente\Local Sites\your-own-blaiprint\app\public\wp-includes\post-template.php(256): apply_filters('the_content', '<h2>Mathematica...')
#21 C:\Users\Utente\Local Sites\your-own-blaiprint\app\public\wp-content\plugins\elementor\modules\page-templates\module.php(188): the_content()
#22 [internal function]: Elementor\Modules\PageTemplates\Module->print_callback()
#23 C:\Users\Utente\Local Sites\your-own-blaiprint\app\public\wp-content\plugins\elementor\modules\page-templates\module.php(205): call_user_func(Array)
#24 C:\Users\Utente\Local Sites\your-own-blaiprint\app\public\wp-content\plugins\elementor\modules\page-templates\templates\canvas.php(41): Elementor\Modules\PageTemplates\Module->print_content()
#25 C:\Users\Utente\Local Sites\your-own-blaiprint\app\public\wp-includes\template-loader.php(132): include('C:\\Users\\Utente...')
#26 C:\Users\Utente\Local Sites\your-own-blaiprint\app\public\wp-blog-header.php(19): require_once('C:\\Users\\Utente...')
#27 C:\Users\Utente\Local Sites\your-own-blaiprint\app\public\index.php(17): require('C:\\Users\\Utente...')
#28 {main}
  thrown in C:\Users\Utente\Local Sites\your-own-blaiprint\app\public\wp-content\plugins\insert-php\includes\shortcodes\shortcode-php.php(70) : eval()'d code on line 1
[17-Aug-2026 13:33:38 UTC] PHP Fatal error:  Uncaught Error: Call to undefined method WINP_SnippetShortcodePhp::add_control() in C:\Users\Utente\Local Sites\your-own-blaiprint\app\public\wp-content\plugins\insert-php\includes\shortcodes\shortcode-php.php(70) : eval()'d code:1
Stack trace:
#0 C:\Users\Utente\Local Sites\your-own-blaiprint\app\public\wp-content\plugins\insert-php\includes\shortcodes\shortcode-php.php(70): eval()
#1 C:\Users\Utente\Local Sites\your-own-blaiprint\app\public\wp-content\plugins\insert-php\includes\shortcodes\shortcodes.php(85): WINP_SnippetShortcodePhp->html(Array, '', 'wbcr_php_snippe...')
#2 C:\Users\Utente\Local Sites\your-own-blaiprint\app\public\wp-includes\shortcodes.php(434): WINP_SnippetShortcode->render(Array, '', 'wbcr_php_snippe...')
#3 [internal function]: do_shortcode_tag(Array)
#4 C:\Users\Utente\Local Sites\your-own-blaiprint\app\public\wp-includes\shortcodes.php(273): preg_replace_callback('/\\[(\\[?)(wbcr_p...', 'do_shortcode_ta...', '<h2>Mathematica...')
#5 C:\Users\Utente\Local Sites\your-own-blaiprint\app\public\wp-includes\class-wp-hook.php(341): do_shortcode('<h2>Mathematica...')
#6 C:\Users\Utente\Local Sites\your-own-blaiprint\app\public\wp-includes\plugin.php(205): WP_Hook->apply_filters('<h2>Mathematica...', Array)
#7 C:\Users\Utente\Local Sites\your-own-blaiprint\app\public\wp-includes\post-template.php(256): apply_filters('the_content', '<h2>Mathematica...')
#8 C:\Users\Utente\Local Sites\your-own-blaiprint\app\public\wp-content\plugins\elementor\modules\page-templates\module.php(188): the_content()
#9 [internal function]: Elementor\Modules\PageTemplates\Module->print_callback()
#10 C:\Users\Utente\Local Sites\your-own-blaiprint\app\public\wp-content\plugins\elementor\modules\page-templates\module.php(205): call_user_func(Array)
#11 C:\Users\Utente\Local Sites\your-own-blaiprint\app\public\wp-content\plugins\elementor\modules\page-templates\templates\canvas.php(41): Elementor\Modules\PageTemplates\Module->print_content()
#12 C:\Users\Utente\Local Sites\your-own-blaiprint\app\public\wp-includes\template-loader.php(132): include('C:\\Users\\Utente...')
#13 C:\Users\Utente\Local Sites\your-own-blaiprint\app\public\wp-blog-header.php(19): require_once('C:\\Users\\Utente...')
#14 C:\Users\Utente\Local Sites\your-own-blaiprint\app\public\index.php(17): require('C:\\Users\\Utente...')
#15 {main}
  thrown in C:\Users\Utente\Local Sites\your-own-blaiprint\app\public\wp-content\plugins\insert-php\includes\shortcodes\shortcode-php.php(70) : eval()'d code on line 1
[17-Aug-2026 13:33:38 UTC] PHP Fatal error:  Uncaught Error: Call to undefined method WINP_SnippetShortcodePhp::add_control() in C:\Users\Utente\Local Sites\your-own-blaiprint\app\public\wp-content\plugins\insert-php\includes\shortcodes\shortcode-php.php(70) : eval()'d code:1
Stack trace:
#0 C:\Users\Utente\Local Sites\your-own-blaiprint\app\public\wp-content\plugins\insert-php\includes\shortcodes\shortcode-php.php(70): eval()
#1 C:\Users\Utente\Local Sites\your-own-blaiprint\app\public\wp-content\plugins\insert-php\includes\shortcodes\shortcodes.php(85): WINP_SnippetShortcodePhp->html(Array, '', 'wbcr_php_snippe...')
#2 C:\Users\Utente\Local Sites\your-own-blaiprint\app\public\wp-includes\shortcodes.php(434): WINP_SnippetShortcode->render(Array, '', 'wbcr_php_snippe...')
#3 [internal function]: do_shortcode_tag(Array)
#4 C:\Users\Utente\Local Sites\your-own-blaiprint\app\public\wp-includes\shortcodes.php(273): preg_replace_callback('/\\[(\\[?)(wbcr_p...', 'do_shortcode_ta...', '<h2>Mathematica...')
#5 C:\Users\Utente\Local Sites\your-own-blaiprint\app\public\wp-includes\class-wp-hook.php(341): do_shortcode('<h2>Mathematica...')
#6 C:\Users\Utente\Local Sites\your-own-blaiprint\app\public\wp-includes\plugin.php(205): WP_Hook->apply_filters('<h2>Mathematica...', Array)
#7 C:\Users\Utente\Local Sites\your-own-blaiprint\app\public\wp-includes\post-template.php(256): apply_filters('the_content', '<h2>Mathematica...')
#8 C:\Users\Utente\Local Sites\your-own-blaiprint\app\public\wp-content\plugins\elementor\modules\page-templates\module.php(188): the_content()
#9 [internal function]: Elementor\Modules\PageTemplates\Module->print_callback()
#10 C:\Users\Utente\Local Sites\your-own-blaiprint\app\public\wp-content\plugins\elementor\modules\page-templates\module.php(205): call_user_func(Array)
#11 C:\Users\Utente\Local Sites\your-own-blaiprint\app\public\wp-content\plugins\elementor\modules\page-templates\templates\canvas.php(41): Elementor\Modules\PageTemplates\Module->print_content()
#12 C:\Users\Utente\Local Sites\your-own-blaiprint\app\public\wp-includes\template-loader.php(132): include('C:\\Users\\Utente...')
#13 C:\Users\Utente\Local Sites\your-own-blaiprint\app\public\wp-blog-header.php(19): require_once('C:\\Users\\Utente...')
#14 C:\Users\Utente\Local Sites\your-own-blaiprint\app\public\index.php(17): require('C:\\Users\\Utente...')
#15 {main}
  thrown in C:\Users\Utente\Local Sites\your-own-blaiprint\app\public\wp-content\plugins\insert-php\includes\shortcodes\shortcode-php.php(70) : eval()'d code on line 1
[17-Aug-2026 13:36:49 UTC] PHP Fatal error:  Uncaught Error: Call to undefined method WINP_SnippetShortcodePhp::add_control() in C:\Users\Utente\Local Sites\your-own-blaiprint\app\public\wp-content\plugins\insert-php\includes\shortcodes\shortcode-php.php(70) : eval()'d code:1
Stack trace:
#0 C:\Users\Utente\Local Sites\your-own-blaiprint\app\public\wp-content\plugins\insert-php\includes\shortcodes\shortcode-php.php(70): eval()
#1 C:\Users\Utente\Local Sites\your-own-blaiprint\app\public\wp-content\plugins\insert-php\includes\shortcodes\shortcodes.php(85): WINP_SnippetShortcodePhp->html(Array, '', 'wbcr_php_snippe...')
#2 C:\Users\Utente\Local Sites\your-own-blaiprint\app\public\wp-includes\shortcodes.php(434): WINP_SnippetShortcode->render(Array, '', 'wbcr_php_snippe...')
#3 [internal function]: do_shortcode_tag(Array)
#4 C:\Users\Utente\Local Sites\your-own-blaiprint\app\public\wp-includes\shortcodes.php(273): preg_replace_callback('/\\[(\\[?)(wbcr_p...', 'do_shortcode_ta...', '[wbcr_php_snipp...')
#5 C:\Users\Utente\Local Sites\your-own-blaiprint\app\public\wp-content\plugins\elementor\includes\widgets\shortcode.php(141): do_shortcode('[wbcr_php_snipp...')
#6 C:\Users\Utente\Local Sites\your-own-blaiprint\app\public\wp-content\plugins\elementor\includes\base\controls-stack.php(2381): Elementor\Widget_Shortcode->render()
#7 C:\Users\Utente\Local Sites\your-own-blaiprint\app\public\wp-content\plugins\elementor\includes\base\widget-base.php(636): Elementor\Controls_Stack->render_by_mode()
#8 C:\Users\Utente\Local Sites\your-own-blaiprint\app\public\wp-content\plugins\elementor\includes\base\widget-base.php(782): Elementor\Widget_Base->render_content()
#9 C:\Users\Utente\Local Sites\your-own-blaiprint\app\public\wp-content\plugins\elementor\includes\base\element-base.php(522): Elementor\Widget_Base->print_content()
#10 C:\Users\Utente\Local Sites\your-own-blaiprint\app\public\wp-content\plugins\elementor\modules\element-cache\module.php(71): Elementor\Element_Base->print_element()
#11 C:\Users\Utente\Local Sites\your-own-blaiprint\app\public\wp-includes\shortcodes.php(434): Elementor\Modules\ElementCache\Module->{closure:Elementor\Modules\ElementCache\Module::register_shortcode():51}(Array, '', 'elementor-eleme...')
#12 [internal function]: do_shortcode_tag(Array)
#13 C:\Users\Utente\Local Sites\your-own-blaiprint\app\public\wp-includes\shortcodes.php(273): preg_replace_callback('/\\[(\\[?)(elemen...', 'do_shortcode_ta...', '<div class="ele...')
#14 C:\Users\Utente\Local Sites\your-own-blaiprint\app\public\wp-content\plugins\elementor\core\base\document.php(1903): do_shortcode('<div class="ele...')
#15 C:\Users\Utente\Local Sites\your-own-blaiprint\app\public\wp-content\plugins\elementor\core\base\document.php(1236): Elementor\Core\Base\Document->print_elements(Array)
#16 C:\Users\Utente\Local Sites\your-own-blaiprint\app\public\wp-content\plugins\elementor\includes\frontend.php(1223): Elementor\Core\Base\Document->print_elements_with_wrapper(Array)
#17 C:\Users\Utente\Local Sites\your-own-blaiprint\app\public\wp-content\plugins\elementor\includes\frontend.php(1105): Elementor\Frontend->get_builder_content(195)
#18 C:\Users\Utente\Local Sites\your-own-blaiprint\app\public\wp-includes\class-wp-hook.php(341): Elementor\Frontend->apply_builder_in_content('<h2>Mathematica...')
#19 C:\Users\Utente\Local Sites\your-own-blaiprint\app\public\wp-includes\plugin.php(205): WP_Hook->apply_filters('<h2>Mathematica...', Array)
#20 C:\Users\Utente\Local Sites\your-own-blaiprint\app\public\wp-includes\post-template.php(256): apply_filters('the_content', '<h2>Mathematica...')
#21 C:\Users\Utente\Local Sites\your-own-blaiprint\app\public\wp-content\plugins\elementor\modules\page-templates\module.php(188): the_content()
#22 [internal function]: Elementor\Modules\PageTemplates\Module->print_callback()
#23 C:\Users\Utente\Local Sites\your-own-blaiprint\app\public\wp-content\plugins\elementor\modules\page-templates\module.php(205): call_user_func(Array)
#24 C:\Users\Utente\Local Sites\your-own-blaiprint\app\public\wp-content\plugins\elementor\modules\page-templates\templates\canvas.php(41): Elementor\Modules\PageTemplates\Module->print_content()
#25 C:\Users\Utente\Local Sites\your-own-blaiprint\app\public\wp-includes\template-loader.php(132): include('C:\\Users\\Utente...')
#26 C:\Users\Utente\Local Sites\your-own-blaiprint\app\public\wp-blog-header.php(19): require_once('C:\\Users\\Utente...')
#27 C:\Users\Utente\Local Sites\your-own-blaiprint\app\public\index.php(17): require('C:\\Users\\Utente...')
#28 {main}
  thrown in C:\Users\Utente\Local Sites\your-own-blaiprint\app\public\wp-content\plugins\insert-php\includes\shortcodes\shortcode-php.php(70) : eval()'d code on line 1
[17-Aug-2026 13:36:57 UTC] PHP Fatal error:  Uncaught Error: Call to undefined method WINP_SnippetShortcodePhp::add_control() in C:\Users\Utente\Local Sites\your-own-blaiprint\app\public\wp-content\plugins\insert-php\includes\shortcodes\shortcode-php.php(70) : eval()'d code:1
Stack trace:
#0 C:\Users\Utente\Local Sites\your-own-blaiprint\app\public\wp-content\plugins\insert-php\includes\shortcodes\shortcode-php.php(70): eval()
#1 C:\Users\Utente\Local Sites\your-own-blaiprint\app\public\wp-content\plugins\insert-php\includes\shortcodes\shortcodes.php(85): WINP_SnippetShortcodePhp->html(Array, '', 'wbcr_php_snippe...')
#2 C:\Users\Utente\Local Sites\your-own-blaiprint\app\public\wp-includes\shortcodes.php(434): WINP_SnippetShortcode->render(Array, '', 'wbcr_php_snippe...')
#3 [internal function]: do_shortcode_tag(Array)
#4 C:\Users\Utente\Local Sites\your-own-blaiprint\app\public\wp-includes\shortcodes.php(273): preg_replace_callback('/\\[(\\[?)(wbcr_p...', 'do_shortcode_ta...', '[wbcr_php_snipp...')
#5 C:\Users\Utente\Local Sites\your-own-blaiprint\app\public\wp-content\plugins\elementor\includes\widgets\shortcode.php(141): do_shortcode('[wbcr_php_snipp...')
#6 C:\Users\Utente\Local Sites\your-own-blaiprint\app\public\wp-content\plugins\elementor\includes\base\controls-stack.php(2381): Elementor\Widget_Shortcode->render()
#7 C:\Users\Utente\Local Sites\your-own-blaiprint\app\public\wp-content\plugins\elementor\includes\base\widget-base.php(636): Elementor\Controls_Stack->render_by_mode()
#8 C:\Users\Utente\Local Sites\your-own-blaiprint\app\public\wp-content\plugins\elementor\includes\base\widget-base.php(782): Elementor\Widget_Base->render_content()
#9 C:\Users\Utente\Local Sites\your-own-blaiprint\app\public\wp-content\plugins\elementor\includes\base\element-base.php(522): Elementor\Widget_Base->print_content()
#10 C:\Users\Utente\Local Sites\your-own-blaiprint\app\public\wp-content\plugins\elementor\modules\element-cache\module.php(71): Elementor\Element_Base->print_element()
#11 C:\Users\Utente\Local Sites\your-own-blaiprint\app\public\wp-includes\shortcodes.php(434): Elementor\Modules\ElementCache\Module->{closure:Elementor\Modules\ElementCache\Module::register_shortcode():51}(Array, '', 'elementor-eleme...')
#12 [internal function]: do_shortcode_tag(Array)
#13 C:\Users\Utente\Local Sites\your-own-blaiprint\app\public\wp-includes\shortcodes.php(273): preg_replace_callback('/\\[(\\[?)(elemen...', 'do_shortcode_ta...', '<div class="ele...')
#14 C:\Users\Utente\Local Sites\your-own-blaiprint\app\public\wp-content\plugins\elementor\core\base\document.php(1903): do_shortcode('<div class="ele...')
#15 C:\Users\Utente\Local Sites\your-own-blaiprint\app\public\wp-content\plugins\elementor\core\base\document.php(1236): Elementor\Core\Base\Document->print_elements(Array)
#16 C:\Users\Utente\Local Sites\your-own-blaiprint\app\public\wp-content\plugins\elementor\includes\frontend.php(1223): Elementor\Core\Base\Document->print_elements_with_wrapper(Array)
#17 C:\Users\Utente\Local Sites\your-own-blaiprint\app\public\wp-content\plugins\elementor\includes\frontend.php(1105): Elementor\Frontend->get_builder_content(195)
#18 C:\Users\Utente\Local Sites\your-own-blaiprint\app\public\wp-includes\class-wp-hook.php(341): Elementor\Frontend->apply_builder_in_content('<h2>Mathematica...')
#19 C:\Users\Utente\Local Sites\your-own-blaiprint\app\public\wp-includes\plugin.php(205): WP_Hook->apply_filters('<h2>Mathematica...', Array)
#20 C:\Users\Utente\Local Sites\your-own-blaiprint\app\public\wp-includes\post-template.php(256): apply_filters('the_content', '<h2>Mathematica...')
#21 C:\Users\Utente\Local Sites\your-own-blaiprint\app\public\wp-content\plugins\elementor\modules\page-templates\module.php(188): the_content()
#22 [internal function]: Elementor\Modules\PageTemplates\Module->print_callback()
#23 C:\Users\Utente\Local Sites\your-own-blaiprint\app\public\wp-content\plugins\elementor\modules\page-templates\module.php(205): call_user_func(Array)
#24 C:\Users\Utente\Local Sites\your-own-blaiprint\app\public\wp-content\plugins\elementor\modules\page-templates\templates\canvas.php(41): Elementor\Modules\PageTemplates\Module->print_content()
#25 C:\Users\Utente\Local Sites\your-own-blaiprint\app\public\wp-includes\template-loader.php(132): include('C:\\Users\\Utente...')
#26 C:\Users\Utente\Local Sites\your-own-blaiprint\app\public\wp-blog-header.php(19): require_once('C:\\Users\\Utente...')
#27 C:\Users\Utente\Local Sites\your-own-blaiprint\app\public\index.php(17): require('C:\\Users\\Utente...')
#28 {main}
  thrown in C:\Users\Utente\Local Sites\your-own-blaiprint\app\public\wp-content\plugins\insert-php\includes\shortcodes\shortcode-php.php(70) : eval()'d code on line 1
[17-Aug-2026 13:37:10 UTC] PHP Fatal error:  Uncaught Error: Call to undefined method WINP_SnippetShortcodePhp::add_control() in C:\Users\Utente\Local Sites\your-own-blaiprint\app\public\wp-content\plugins\insert-php\includes\shortcodes\shortcode-php.php(70) : eval()'d code:1
Stack trace:
#0 C:\Users\Utente\Local Sites\your-own-blaiprint\app\public\wp-content\plugins\insert-php\includes\shortcodes\shortcode-php.php(70): eval()
#1 C:\Users\Utente\Local Sites\your-own-blaiprint\app\public\wp-content\plugins\insert-php\includes\shortcodes\shortcodes.php(85): WINP_SnippetShortcodePhp->html(Array, '', 'wbcr_php_snippe...')
#2 C:\Users\Utente\Local Sites\your-own-blaiprint\app\public\wp-includes\shortcodes.php(434): WINP_SnippetShortcode->render(Array, '', 'wbcr_php_snippe...')
#3 [internal function]: do_shortcode_tag(Array)
#4 C:\Users\Utente\Local Sites\your-own-blaiprint\app\public\wp-includes\shortcodes.php(273): preg_replace_callback('/\\[(\\[?)(wbcr_p...', 'do_shortcode_ta...', '[wbcr_php_snipp...')
#5 C:\Users\Utente\Local Sites\your-own-blaiprint\app\public\wp-content\plugins\elementor\includes\widgets\shortcode.php(141): do_shortcode('[wbcr_php_snipp...')
#6 C:\Users\Utente\Local Sites\your-own-blaiprint\app\public\wp-content\plugins\elementor\includes\base\controls-stack.php(2381): Elementor\Widget_Shortcode->render()
#7 C:\Users\Utente\Local Sites\your-own-blaiprint\app\public\wp-content\plugins\elementor\includes\base\widget-base.php(636): Elementor\Controls_Stack->render_by_mode()
#8 C:\Users\Utente\Local Sites\your-own-blaiprint\app\public\wp-content\plugins\elementor\includes\base\widget-base.php(765): Elementor\Widget_Base->render_content()
#9 C:\Users\Utente\Local Sites\your-own-blaiprint\app\public\wp-content\plugins\elementor\includes\base\element-base.php(657): Elementor\Widget_Base->get_raw_data(true)
#10 C:\Users\Utente\Local Sites\your-own-blaiprint\app\public\wp-content\plugins\elementor\core\base\document.php(1120): Elementor\Element_Base->get_raw_data(true)
#11 C:\Users\Utente\Local Sites\your-own-blaiprint\app\public\wp-content\plugins\elementor\core\base\document.php(755): Elementor\Core\Base\Document->get_elements_raw_data(Array, true)
#12 C:\Users\Utente\Local Sites\your-own-blaiprint\app\public\wp-content\plugins\elementor\includes\base\controls-stack.php(1071): Elementor\Core\Base\Document->get_initial_config()
#13 C:\Users\Utente\Local Sites\your-own-blaiprint\app\public\wp-content\plugins\elementor\core\editor\loader\common\editor-common-scripts-settings.php(40): Elementor\Controls_Stack->get_config()
#14 C:\Users\Utente\Local Sites\your-own-blaiprint\app\public\wp-content\plugins\elementor\core\editor\loader\v2\editor-v2-loader.php(177): Elementor\Core\Editor\Loader\Common\Editor_Common_Scripts_Settings::get()
#15 C:\Users\Utente\Local Sites\your-own-blaiprint\app\public\wp-content\plugins\elementor\core\editor\editor.php(357): Elementor\Core\Editor\Loader\V2\Editor_V2_Loader->enqueue_scripts()
#16 C:\Users\Utente\Local Sites\your-own-blaiprint\app\public\wp-includes\class-wp-hook.php(341): Elementor\Core\Editor\Editor->enqueue_scripts('')
#17 C:\Users\Utente\Local Sites\your-own-blaiprint\app\public\wp-includes\class-wp-hook.php(365): WP_Hook->apply_filters('', Array)
#18 C:\Users\Utente\Local Sites\your-own-blaiprint\app\public\wp-includes\plugin.php(522): WP_Hook->do_action(Array)
#19 C:\Users\Utente\Local Sites\your-own-blaiprint\app\public\wp-includes\script-loader.php(2329): do_action('wp_enqueue_scri...')
#20 C:\Users\Utente\Local Sites\your-own-blaiprint\app\public\wp-includes\class-wp-hook.php(341): wp_enqueue_scripts('')
#21 C:\Users\Utente\Local Sites\your-own-blaiprint\app\public\wp-includes\class-wp-hook.php(365): WP_Hook->apply_filters('', Array)
#22 C:\Users\Utente\Local Sites\your-own-blaiprint\app\public\wp-includes\plugin.php(522): WP_Hook->do_action(Array)
#23 C:\Users\Utente\Local Sites\your-own-blaiprint\app\public\wp-includes\general-template.php(3208): do_action('wp_head')
#24 C:\Users\Utente\Local Sites\your-own-blaiprint\app\public\wp-content\plugins\elementor\includes\editor-templates\editor-wrapper.php(35): wp_head()
#25 C:\Users\Utente\Local Sites\your-own-blaiprint\app\public\wp-content\plugins\elementor\core\editor\loader\v2\editor-v2-loader.php(227): include('C:\\Users\\Utente...')
#26 C:\Users\Utente\Local Sites\your-own-blaiprint\app\public\wp-content\plugins\elementor\core\editor\editor.php(162): Elementor\Core\Editor\Loader\V2\Editor_V2_Loader->print_root_template()
#27 C:\Users\Utente\Local Sites\your-own-blaiprint\app\public\wp-includes\class-wp-hook.php(341): Elementor\Core\Editor\Editor->init('')
#28 C:\Users\Utente\Local Sites\your-own-blaiprint\app\public\wp-includes\class-wp-hook.php(365): WP_Hook->apply_filters('', Array)
#29 C:\Users\Utente\Local Sites\your-own-blaiprint\app\public\wp-includes\plugin.php(522): WP_Hook->do_action(Array)
#30 C:\Users\Utente\Local Sites\your-own-blaiprint\app\public\wp-admin\admin.php(429): do_action('admin_action_el...')
#31 C:\Users\Utente\Local Sites\your-own-blaiprint\app\public\wp-admin\post.php(12): require_once('C:\\Users\\Utente...')
#32 {main}
  thrown in C:\Users\Utente\Local Sites\your-own-blaiprint\app\public\wp-content\plugins\insert-php\includes\shortcodes\shortcode-php.php(70) : eval()'d code on line 1
[17-Aug-2026 13:39:11 UTC] PHP Fatal error:  Uncaught Error: Call to undefined method WINP_SnippetShortcodePhp::add_control() in C:\Users\Utente\Local Sites\your-own-blaiprint\app\public\wp-content\plugins\insert-php\includes\shortcodes\shortcode-php.php(70) : eval()'d code:1
Stack trace:
#0 C:\Users\Utente\Local Sites\your-own-blaiprint\app\public\wp-content\plugins\insert-php\includes\shortcodes\shortcode-php.php(70): eval()
#1 C:\Users\Utente\Local Sites\your-own-blaiprint\app\public\wp-content\plugins\insert-php\includes\shortcodes\shortcodes.php(85): WINP_SnippetShortcodePhp->html(Array, '', 'wbcr_php_snippe...')
#2 C:\Users\Utente\Local Sites\your-own-blaiprint\app\public\wp-includes\shortcodes.php(434): WINP_SnippetShortcode->render(Array, '', 'wbcr_php_snippe...')
#3 [internal function]: do_shortcode_tag(Array)
#4 C:\Users\Utente\Local Sites\your-own-blaiprint\app\public\wp-includes\shortcodes.php(273): preg_replace_callback('/\\[(\\[?)(wbcr_p...', 'do_shortcode_ta...', '[wbcr_php_snipp...')
#5 C:\Users\Utente\Local Sites\your-own-blaiprint\app\public\wp-content\plugins\elementor\includes\widgets\shortcode.php(141): do_shortcode('[wbcr_php_snipp...')
#6 C:\Users\Utente\Local Sites\your-own-blaiprint\app\public\wp-content\plugins\elementor\includes\base\controls-stack.php(2381): Elementor\Widget_Shortcode->render()
#7 C:\Users\Utente\Local Sites\your-own-blaiprint\app\public\wp-content\plugins\elementor\includes\base\widget-base.php(636): Elementor\Controls_Stack->render_by_mode()
#8 C:\Users\Utente\Local Sites\your-own-blaiprint\app\public\wp-content\plugins\elementor\includes\base\widget-base.php(765): Elementor\Widget_Base->render_content()
#9 C:\Users\Utente\Local Sites\your-own-blaiprint\app\public\wp-content\plugins\elementor\includes\base\element-base.php(657): Elementor\Widget_Base->get_raw_data(true)
#10 C:\Users\Utente\Local Sites\your-own-blaiprint\app\public\wp-content\plugins\elementor\core\base\document.php(1120): Elementor\Element_Base->get_raw_data(true)
#11 C:\Users\Utente\Local Sites\your-own-blaiprint\app\public\wp-content\plugins\elementor\core\base\document.php(755): Elementor\Core\Base\Document->get_elements_raw_data(Array, true)
#12 C:\Users\Utente\Local Sites\your-own-blaiprint\app\public\wp-content\plugins\elementor\includes\base\controls-stack.php(1071): Elementor\Core\Base\Document->get_initial_config()
#13 C:\Users\Utente\Local Sites\your-own-blaiprint\app\public\wp-content\plugins\elementor\core\editor\loader\common\editor-common-scripts-settings.php(40): Elementor\Controls_Stack->get_config()
#14 C:\Users\Utente\Local Sites\your-own-blaiprint\app\public\wp-content\plugins\elementor\core\editor\loader\v2\editor-v2-loader.php(177): Elementor\Core\Editor\Loader\Common\Editor_Common_Scripts_Settings::get()
#15 C:\Users\Utente\Local Sites\your-own-blaiprint\app\public\wp-content\plugins\elementor\core\editor\editor.php(357): Elementor\Core\Editor\Loader\V2\Editor_V2_Loader->enqueue_scripts()
#16 C:\Users\Utente\Local Sites\your-own-blaiprint\app\public\wp-includes\class-wp-hook.php(341): Elementor\Core\Editor\Editor->enqueue_scripts('')
#17 C:\Users\Utente\Local Sites\your-own-blaiprint\app\public\wp-includes\class-wp-hook.php(365): WP_Hook->apply_filters('', Array)
#18 C:\Users\Utente\Local Sites\your-own-blaiprint\app\public\wp-includes\plugin.php(522): WP_Hook->do_action(Array)
#19 C:\Users\Utente\Local Sites\your-own-blaiprint\app\public\wp-includes\script-loader.php(2329): do_action('wp_enqueue_scri...')
#20 C:\Users\Utente\Local Sites\your-own-blaiprint\app\public\wp-includes\class-wp-hook.php(341): wp_enqueue_scripts('')
#21 C:\Users\Utente\Local Sites\your-own-blaiprint\app\public\wp-includes\class-wp-hook.php(365): WP_Hook->apply_filters('', Array)
#22 C:\Users\Utente\Local Sites\your-own-blaiprint\app\public\wp-includes\plugin.php(522): WP_Hook->do_action(Array)
#23 C:\Users\Utente\Local Sites\your-own-blaiprint\app\public\wp-includes\general-template.php(3208): do_action('wp_head')
#24 C:\Users\Utente\Local Sites\your-own-blaiprint\app\public\wp-content\plugins\elementor\includes\editor-templates\editor-wrapper.php(35): wp_head()
#25 C:\Users\Utente\Local Sites\your-own-blaiprint\app\public\wp-content\plugins\elementor\core\editor\loader\v2\editor-v2-loader.php(227): include('C:\\Users\\Utente...')
#26 C:\Users\Utente\Local Sites\your-own-blaiprint\app\public\wp-content\plugins\elementor\core\editor\editor.php(162): Elementor\Core\Editor\Loader\V2\Editor_V2_Loader->print_root_template()
#27 C:\Users\Utente\Local Sites\your-own-blaiprint\app\public\wp-includes\class-wp-hook.php(341): Elementor\Core\Editor\Editor->init('')
#28 C:\Users\Utente\Local Sites\your-own-blaiprint\app\public\wp-includes\class-wp-hook.php(365): WP_Hook->apply_filters('', Array)
#29 C:\Users\Utente\Local Sites\your-own-blaiprint\app\public\wp-includes\plugin.php(522): WP_Hook->do_action(Array)
#30 C:\Users\Utente\Local Sites\your-own-blaiprint\app\public\wp-admin\admin.php(429): do_action('admin_action_el...')
#31 C:\Users\Utente\Local Sites\your-own-blaiprint\app\public\wp-admin\post.php(12): require_once('C:\\Users\\Utente...')
#32 {main}
  thrown in C:\Users\Utente\Local Sites\your-own-blaiprint\app\public\wp-content\plugins\insert-php\includes\shortcodes\shortcode-php.php(70) : eval()'d code on line 1
[18-Aug-2026 19:56:23 UTC] PHP Fatal error:  Cannot redeclare function genera_immagine_con_linee() (previously declared in C:\Users\Utente\Local Sites\your-own-blaiprint\app\public\wp-content\plugins\insert-php\includes\shortcodes\shortcode-php.php(70) : eval()'d code:2) in C:\Users\Utente\Local Sites\your-own-blaiprint\app\public\wp-content\plugins\insert-php\includes\shortcodes\shortcode-php.php(70) : eval()'d code on line 2
Stack trace:
#0 C:\Users\Utente\Local Sites\your-own-blaiprint\app\public\wp-content\plugins\insert-php\includes\shortcodes\shortcodes.php(85): WINP_SnippetShortcodePhp->html(Array, '', 'wbcr_php_snippe...')
#1 C:\Users\Utente\Local Sites\your-own-blaiprint\app\public\wp-includes\shortcodes.php(434): WINP_SnippetShortcode->render(Array, '', 'wbcr_php_snippe...')
#2 [internal function]: do_shortcode_tag(Array)
#3 C:\Users\Utente\Local Sites\your-own-blaiprint\app\public\wp-includes\shortcodes.php(273): preg_replace_callback('/\\[(\\[?)(wbcr_p...', 'do_shortcode_ta...', '[wbcr_php_snipp...')
#4 C:\Users\Utente\Local Sites\your-own-blaiprint\app\public\wp-content\plugins\elementor\includes\widgets\shortcode.php(141): do_shortcode('[wbcr_php_snipp...')
#5 C:\Users\Utente\Local Sites\your-own-blaiprint\app\public\wp-content\plugins\elementor\includes\base\controls-stack.php(2381): Elementor\Widget_Shortcode->render()
#6 C:\Users\Utente\Local Sites\your-own-blaiprint\app\public\wp-content\plugins\elementor\includes\base\widget-base.php(636): Elementor\Controls_Stack->render_by_mode()
#7 C:\Users\Utente\Local Sites\your-own-blaiprint\app\public\wp-content\plugins\elementor\includes\base\widget-base.php(782): Elementor\Widget_Base->render_content()
#8 C:\Users\Utente\Local Sites\your-own-blaiprint\app\public\wp-content\plugins\elementor\includes\base\element-base.php(522): Elementor\Widget_Base->print_content()
#9 C:\Users\Utente\Local Sites\your-own-blaiprint\app\public\wp-content\plugins\elementor\modules\element-cache\module.php(71): Elementor\Element_Base->print_element()
#10 C:\Users\Utente\Local Sites\your-own-blaiprint\app\public\wp-includes\shortcodes.php(434): Elementor\Modules\ElementCache\Module->{closure:Elementor\Modules\ElementCache\Module::register_shortcode():51}(Array, '', 'elementor-eleme...')
#11 [internal function]: do_shortcode_tag(Array)
#12 C:\Users\Utente\Local Sites\your-own-blaiprint\app\public\wp-includes\shortcodes.php(273): preg_replace_callback('/\\[(\\[?)(elemen...', 'do_shortcode_ta...', '<div class="ele...')
#13 C:\Users\Utente\Local Sites\your-own-blaiprint\app\public\wp-content\plugins\elementor\core\base\document.php(1903): do_shortcode('<div class="ele...')
#14 C:\Users\Utente\Local Sites\your-own-blaiprint\app\public\wp-content\plugins\elementor\core\base\document.php(1236): Elementor\Core\Base\Document->print_elements(Array)
#15 C:\Users\Utente\Local Sites\your-own-blaiprint\app\public\wp-content\plugins\elementor\includes\frontend.php(1223): Elementor\Core\Base\Document->print_elements_with_wrapper(Array)
#16 C:\Users\Utente\Local Sites\your-own-blaiprint\app\public\wp-content\plugins\elementor\includes\frontend.php(1105): Elementor\Frontend->get_builder_content(195)
#17 C:\Users\Utente\Local Sites\your-own-blaiprint\app\public\wp-includes\class-wp-hook.php(341): Elementor\Frontend->apply_builder_in_content('<h2>Mathematica...')
#18 C:\Users\Utente\Local Sites\your-own-blaiprint\app\public\wp-includes\plugin.php(205): WP_Hook->apply_filters('<h2>Mathematica...', Array)
#19 C:\Users\Utente\Local Sites\your-own-blaiprint\app\public\wp-includes\blocks.php(1506): apply_filters('the_content', '<h2>Mathematica...')
#20 C:\Users\Utente\Local Sites\your-own-blaiprint\app\public\wp-includes\rest-api\endpoints\class-wp-rest-posts-controller.php(2190): insert_hooked_blocks_into_rest_response(Object(WP_REST_Response), Object(WP_Post))
#21 C:\Users\Utente\Local Sites\your-own-blaiprint\app\public\wp-includes\rest-api\endpoints\class-wp-rest-posts-controller.php(479): WP_REST_Posts_Controller->prepare_item_for_response(Object(WP_Post), Object(WP_REST_Request))
#22 C:\Users\Utente\Local Sites\your-own-blaiprint\app\public\wp-includes\rest-api\class-wp-rest-server.php(1293): WP_REST_Posts_Controller->get_items(Object(WP_REST_Request))
#23 C:\Users\Utente\Local Sites\your-own-blaiprint\app\public\wp-includes\rest-api\class-wp-rest-server.php(1126): WP_REST_Server->respond_to_request(Object(WP_REST_Request), '/wp/v2/pages', Array, NULL)
#24 C:\Users\Utente\Local Sites\your-own-blaiprint\app\public\wp-includes\rest-api\class-wp-rest-server.php(441): WP_REST_Server->dispatch(Object(WP_REST_Request))
#25 C:\Users\Utente\Local Sites\your-own-blaiprint\app\public\wp-includes\rest-api.php(480): WP_REST_Server->serve_request('/wp/v2/pages')
#26 C:\Users\Utente\Local Sites\your-own-blaiprint\app\public\wp-includes\class-wp-hook.php(341): rest_api_loaded(Object(WP))
#27 C:\Users\Utente\Local Sites\your-own-blaiprint\app\public\wp-includes\class-wp-hook.php(365): WP_Hook->apply_filters('', Array)
#28 C:\Users\Utente\Local Sites\your-own-blaiprint\app\public\wp-includes\plugin.php(570): WP_Hook->do_action(Array)
#29 C:\Users\Utente\Local Sites\your-own-blaiprint\app\public\wp-includes\class-wp.php(418): do_action_ref_array('parse_request', Array)
#30 C:\Users\Utente\Local Sites\your-own-blaiprint\app\public\wp-includes\class-wp.php(821): WP->parse_request('')
#31 C:\Users\Utente\Local Sites\your-own-blaiprint\app\public\wp-includes\functions.php(1343): WP->main('')
#32 C:\Users\Utente\Local Sites\your-own-blaiprint\app\public\wp-blog-header.php(16): wp()
#33 C:\Users\Utente\Local Sites\your-own-blaiprint\app\public\index.php(17): require('C:\\Users\\Utente...')
#34 {main}
[21-Aug-2026 16:20:30 UTC] PHP Fatal error:  Cannot redeclare function genera_immagine_con_linee() (previously declared in C:\Users\Utente\Local Sites\your-own-blaiprint\app\public\wp-content\plugins\insert-php\includes\shortcodes\shortcode-php.php(70) : eval()'d code:2) in C:\Users\Utente\Local Sites\your-own-blaiprint\app\public\wp-content\plugins\insert-php\includes\shortcodes\shortcode-php.php(70) : eval()'d code on line 2
Stack trace:
#0 C:\Users\Utente\Local Sites\your-own-blaiprint\app\public\wp-content\plugins\insert-php\includes\shortcodes\shortcodes.php(85): WINP_SnippetShortcodePhp->html(Array, '', 'wbcr_php_snippe...')
#1 C:\Users\Utente\Local Sites\your-own-blaiprint\app\public\wp-includes\shortcodes.php(434): WINP_SnippetShortcode->render(Array, '', 'wbcr_php_snippe...')
#2 [internal function]: do_shortcode_tag(Array)
#3 C:\Users\Utente\Local Sites\your-own-blaiprint\app\public\wp-includes\shortcodes.php(273): preg_replace_callback('/\\[(\\[?)(wbcr_p...', 'do_shortcode_ta...', '[wbcr_php_snipp...')
#4 C:\Users\Utente\Local Sites\your-own-blaiprint\app\public\wp-content\plugins\elementor\includes\widgets\shortcode.php(141): do_shortcode('[wbcr_php_snipp...')
#5 C:\Users\Utente\Local Sites\your-own-blaiprint\app\public\wp-content\plugins\elementor\includes\base\controls-stack.php(2381): Elementor\Widget_Shortcode->render()
#6 C:\Users\Utente\Local Sites\your-own-blaiprint\app\public\wp-content\plugins\elementor\includes\base\widget-base.php(636): Elementor\Controls_Stack->render_by_mode()
#7 C:\Users\Utente\Local Sites\your-own-blaiprint\app\public\wp-content\plugins\elementor\includes\base\widget-base.php(782): Elementor\Widget_Base->render_content()
#8 C:\Users\Utente\Local Sites\your-own-blaiprint\app\public\wp-content\plugins\elementor\includes\base\element-base.php(522): Elementor\Widget_Base->print_content()
#9 C:\Users\Utente\Local Sites\your-own-blaiprint\app\public\wp-content\plugins\elementor\modules\element-cache\module.php(71): Elementor\Element_Base->print_element()
#10 C:\Users\Utente\Local Sites\your-own-blaiprint\app\public\wp-includes\shortcodes.php(434): Elementor\Modules\ElementCache\Module->{closure:Elementor\Modules\ElementCache\Module::register_shortcode():51}(Array, '', 'elementor-eleme...')
#11 [internal function]: do_shortcode_tag(Array)
#12 C:\Users\Utente\Local Sites\your-own-blaiprint\app\public\wp-includes\shortcodes.php(273): preg_replace_callback('/\\[(\\[?)(elemen...', 'do_shortcode_ta...', '<div class="ele...')
#13 C:\Users\Utente\Local Sites\your-own-blaiprint\app\public\wp-content\plugins\elementor\core\base\document.php(1903): do_shortcode('<div class="ele...')
#14 C:\Users\Utente\Local Sites\your-own-blaiprint\app\public\wp-content\plugins\elementor\core\base\document.php(1236): Elementor\Core\Base\Document->print_elements(Array)
#15 C:\Users\Utente\Local Sites\your-own-blaiprint\app\public\wp-content\plugins\elementor\includes\frontend.php(1223): Elementor\Core\Base\Document->print_elements_with_wrapper(Array)
#16 C:\Users\Utente\Local Sites\your-own-blaiprint\app\public\wp-content\plugins\elementor\includes\frontend.php(1105): Elementor\Frontend->get_builder_content(195)
#17 C:\Users\Utente\Local Sites\your-own-blaiprint\app\public\wp-includes\class-wp-hook.php(341): Elementor\Frontend->apply_builder_in_content('<h2>Identit\xC3\xA0</...')
#18 C:\Users\Utente\Local Sites\your-own-blaiprint\app\public\wp-includes\plugin.php(205): WP_Hook->apply_filters('<h2>Identit\xC3\xA0</...', Array)
#19 C:\Users\Utente\Local Sites\your-own-blaiprint\app\public\wp-includes\blocks.php(1506): apply_filters('the_content', '<h2>Identit\xC3\xA0</...')
#20 C:\Users\Utente\Local Sites\your-own-blaiprint\app\public\wp-includes\rest-api\endpoints\class-wp-rest-posts-controller.php(2190): insert_hooked_blocks_into_rest_response(Object(WP_REST_Response), Object(WP_Post))
#21 C:\Users\Utente\Local Sites\your-own-blaiprint\app\public\wp-includes\rest-api\endpoints\class-wp-rest-posts-controller.php(669): WP_REST_Posts_Controller->prepare_item_for_response(Object(WP_Post), Object(WP_REST_Request))
#22 C:\Users\Utente\Local Sites\your-own-blaiprint\app\public\wp-includes\rest-api\class-wp-rest-server.php(1293): WP_REST_Posts_Controller->get_item(Object(WP_REST_Request))
#23 C:\Users\Utente\Local Sites\your-own-blaiprint\app\public\wp-includes\rest-api\class-wp-rest-server.php(1126): WP_REST_Server->respond_to_request(Object(WP_REST_Request), '/wp/v2/pages/(?...', Array, NULL)
#24 C:\Users\Utente\Local Sites\your-own-blaiprint\app\public\wp-includes\rest-api\class-wp-rest-server.php(441): WP_REST_Server->dispatch(Object(WP_REST_Request))
#25 C:\Users\Utente\Local Sites\your-own-blaiprint\app\public\wp-includes\rest-api.php(480): WP_REST_Server->serve_request('/wp/v2/pages/19...')
#26 C:\Users\Utente\Local Sites\your-own-blaiprint\app\public\wp-includes\class-wp-hook.php(341): rest_api_loaded(Object(WP))
#27 C:\Users\Utente\Local Sites\your-own-blaiprint\app\public\wp-includes\class-wp-hook.php(365): WP_Hook->apply_filters('', Array)
#28 C:\Users\Utente\Local Sites\your-own-blaiprint\app\public\wp-includes\plugin.php(570): WP_Hook->do_action(Array)
#29 C:\Users\Utente\Local Sites\your-own-blaiprint\app\public\wp-includes\class-wp.php(418): do_action_ref_array('parse_request', Array)
#30 C:\Users\Utente\Local Sites\your-own-blaiprint\app\public\wp-includes\class-wp.php(821): WP->parse_request('')
#31 C:\Users\Utente\Local Sites\your-own-blaiprint\app\public\wp-includes\functions.php(1343): WP->main('')
#32 C:\Users\Utente\Local Sites\your-own-blaiprint\app\public\wp-blog-header.php(16): wp()
#33 C:\Users\Utente\Local Sites\your-own-blaiprint\app\public\index.php(17): require('C:\\Users\\Utente...')
#34 {main}
[21-Aug-2026 16:22:10 UTC] PHP Fatal error:  Cannot redeclare function genera_immagine_con_linee() (previously declared in C:\Users\Utente\Local Sites\your-own-blaiprint\app\public\wp-content\plugins\insert-php\includes\shortcodes\shortcode-php.php(70) : eval()'d code:2) in C:\Users\Utente\Local Sites\your-own-blaiprint\app\public\wp-content\plugins\insert-php\includes\shortcodes\shortcode-php.php(70) : eval()'d code on line 2
Stack trace:
#0 C:\Users\Utente\Local Sites\your-own-blaiprint\app\public\wp-content\plugins\insert-php\includes\shortcodes\shortcodes.php(85): WINP_SnippetShortcodePhp->html(Array, '', 'wbcr_php_snippe...')
#1 C:\Users\Utente\Local Sites\your-own-blaiprint\app\public\wp-includes\shortcodes.php(434): WINP_SnippetShortcode->render(Array, '', 'wbcr_php_snippe...')
#2 [internal function]: do_shortcode_tag(Array)
#3 C:\Users\Utente\Local Sites\your-own-blaiprint\app\public\wp-includes\shortcodes.php(273): preg_replace_callback('/\\[(\\[?)(wbcr_p...', 'do_shortcode_ta...', '[wbcr_php_snipp...')
#4 C:\Users\Utente\Local Sites\your-own-blaiprint\app\public\wp-content\plugins\elementor\includes\widgets\shortcode.php(141): do_shortcode('[wbcr_php_snipp...')
#5 C:\Users\Utente\Local Sites\your-own-blaiprint\app\public\wp-content\plugins\elementor\includes\base\controls-stack.php(2381): Elementor\Widget_Shortcode->render()
#6 C:\Users\Utente\Local Sites\your-own-blaiprint\app\public\wp-content\plugins\elementor\includes\base\widget-base.php(636): Elementor\Controls_Stack->render_by_mode()
#7 C:\Users\Utente\Local Sites\your-own-blaiprint\app\public\wp-content\plugins\elementor\includes\base\widget-base.php(782): Elementor\Widget_Base->render_content()
#8 C:\Users\Utente\Local Sites\your-own-blaiprint\app\public\wp-content\plugins\elementor\includes\base\element-base.php(522): Elementor\Widget_Base->print_content()
#9 C:\Users\Utente\Local Sites\your-own-blaiprint\app\public\wp-content\plugins\elementor\modules\element-cache\module.php(71): Elementor\Element_Base->print_element()
#10 C:\Users\Utente\Local Sites\your-own-blaiprint\app\public\wp-includes\shortcodes.php(434): Elementor\Modules\ElementCache\Module->{closure:Elementor\Modules\ElementCache\Module::register_shortcode():51}(Array, '', 'elementor-eleme...')
#11 [internal function]: do_shortcode_tag(Array)
#12 C:\Users\Utente\Local Sites\your-own-blaiprint\app\public\wp-includes\shortcodes.php(273): preg_replace_callback('/\\[(\\[?)(elemen...', 'do_shortcode_ta...', '<div class="ele...')
#13 C:\Users\Utente\Local Sites\your-own-blaiprint\app\public\wp-content\plugins\elementor\core\base\document.php(1903): do_shortcode('<div class="ele...')
#14 C:\Users\Utente\Local Sites\your-own-blaiprint\app\public\wp-content\plugins\elementor\core\base\document.php(1236): Elementor\Core\Base\Document->print_elements(Array)
#15 C:\Users\Utente\Local Sites\your-own-blaiprint\app\public\wp-content\plugins\elementor\includes\frontend.php(1223): Elementor\Core\Base\Document->print_elements_with_wrapper(Array)
#16 C:\Users\Utente\Local Sites\your-own-blaiprint\app\public\wp-content\plugins\elementor\includes\frontend.php(1105): Elementor\Frontend->get_builder_content(195)
#17 C:\Users\Utente\Local Sites\your-own-blaiprint\app\public\wp-includes\class-wp-hook.php(341): Elementor\Frontend->apply_builder_in_content('<h2>Identit\xC3\xA0</...')
#18 C:\Users\Utente\Local Sites\your-own-blaiprint\app\public\wp-includes\plugin.php(205): WP_Hook->apply_filters('<h2>Identit\xC3\xA0</...', Array)
#19 C:\Users\Utente\Local Sites\your-own-blaiprint\app\public\wp-includes\blocks.php(1506): apply_filters('the_content', '<h2>Identit\xC3\xA0</...')
#20 C:\Users\Utente\Local Sites\your-own-blaiprint\app\public\wp-includes\rest-api\endpoints\class-wp-rest-posts-controller.php(2190): insert_hooked_blocks_into_rest_response(Object(WP_REST_Response), Object(WP_Post))
#21 C:\Users\Utente\Local Sites\your-own-blaiprint\app\public\wp-includes\rest-api\endpoints\class-wp-rest-posts-controller.php(669): WP_REST_Posts_Controller->prepare_item_for_response(Object(WP_Post), Object(WP_REST_Request))
#22 C:\Users\Utente\Local Sites\your-own-blaiprint\app\public\wp-includes\rest-api\class-wp-rest-server.php(1293): WP_REST_Posts_Controller->get_item(Object(WP_REST_Request))
#23 C:\Users\Utente\Local Sites\your-own-blaiprint\app\public\wp-includes\rest-api\class-wp-rest-server.php(1126): WP_REST_Server->respond_to_request(Object(WP_REST_Request), '/wp/v2/pages/(?...', Array, NULL)
#24 C:\Users\Utente\Local Sites\your-own-blaiprint\app\public\wp-includes\rest-api\class-wp-rest-server.php(441): WP_REST_Server->dispatch(Object(WP_REST_Request))
#25 C:\Users\Utente\Local Sites\your-own-blaiprint\app\public\wp-includes\rest-api.php(480): WP_REST_Server->serve_request('/wp/v2/pages/19...')
#26 C:\Users\Utente\Local Sites\your-own-blaiprint\app\public\wp-includes\class-wp-hook.php(341): rest_api_loaded(Object(WP))
#27 C:\Users\Utente\Local Sites\your-own-blaiprint\app\public\wp-includes\class-wp-hook.php(365): WP_Hook->apply_filters('', Array)
#28 C:\Users\Utente\Local Sites\your-own-blaiprint\app\public\wp-includes\plugin.php(570): WP_Hook->do_action(Array)
#29 C:\Users\Utente\Local Sites\your-own-blaiprint\app\public\wp-includes\class-wp.php(418): do_action_ref_array('parse_request', Array)
#30 C:\Users\Utente\Local Sites\your-own-blaiprint\app\public\wp-includes\class-wp.php(821): WP->parse_request('')
#31 C:\Users\Utente\Local Sites\your-own-blaiprint\app\public\wp-includes\functions.php(1343): WP->main('')
#32 C:\Users\Utente\Local Sites\your-own-blaiprint\app\public\wp-blog-header.php(16): wp()
#33 C:\Users\Utente\Local Sites\your-own-blaiprint\app\public\index.php(17): require('C:\\Users\\Utente...')
#34 {main}
[21-Aug-2026 16:22:53 UTC] PHP Fatal error:  Cannot redeclare function genera_immagine_con_linee() (previously declared in C:\Users\Utente\Local Sites\your-own-blaiprint\app\public\wp-content\plugins\insert-php\includes\shortcodes\shortcode-php.php(70) : eval()'d code:2) in C:\Users\Utente\Local Sites\your-own-blaiprint\app\public\wp-content\plugins\insert-php\includes\shortcodes\shortcode-php.php(70) : eval()'d code on line 2
Stack trace:
#0 C:\Users\Utente\Local Sites\your-own-blaiprint\app\public\wp-content\plugins\insert-php\includes\shortcodes\shortcodes.php(85): WINP_SnippetShortcodePhp->html(Array, '', 'wbcr_php_snippe...')
#1 C:\Users\Utente\Local Sites\your-own-blaiprint\app\public\wp-includes\shortcodes.php(434): WINP_SnippetShortcode->render(Array, '', 'wbcr_php_snippe...')
#2 [internal function]: do_shortcode_tag(Array)
#3 C:\Users\Utente\Local Sites\your-own-blaiprint\app\public\wp-includes\shortcodes.php(273): preg_replace_callback('/\\[(\\[?)(wbcr_p...', 'do_shortcode_ta...', '[wbcr_php_snipp...')
#4 C:\Users\Utente\Local Sites\your-own-blaiprint\app\public\wp-content\plugins\elementor\includes\widgets\shortcode.php(141): do_shortcode('[wbcr_php_snipp...')
#5 C:\Users\Utente\Local Sites\your-own-blaiprint\app\public\wp-content\plugins\elementor\includes\base\controls-stack.php(2381): Elementor\Widget_Shortcode->render()
#6 C:\Users\Utente\Local Sites\your-own-blaiprint\app\public\wp-content\plugins\elementor\includes\base\widget-base.php(636): Elementor\Controls_Stack->render_by_mode()
#7 C:\Users\Utente\Local Sites\your-own-blaiprint\app\public\wp-content\plugins\elementor\includes\base\widget-base.php(782): Elementor\Widget_Base->render_content()
#8 C:\Users\Utente\Local Sites\your-own-blaiprint\app\public\wp-content\plugins\elementor\includes\base\element-base.php(522): Elementor\Widget_Base->print_content()
#9 C:\Users\Utente\Local Sites\your-own-blaiprint\app\public\wp-content\plugins\elementor\modules\element-cache\module.php(71): Elementor\Element_Base->print_element()
#10 C:\Users\Utente\Local Sites\your-own-blaiprint\app\public\wp-includes\shortcodes.php(434): Elementor\Modules\ElementCache\Module->{closure:Elementor\Modules\ElementCache\Module::register_shortcode():51}(Array, '', 'elementor-eleme...')
#11 [internal function]: do_shortcode_tag(Array)
#12 C:\Users\Utente\Local Sites\your-own-blaiprint\app\public\wp-includes\shortcodes.php(273): preg_replace_callback('/\\[(\\[?)(elemen...', 'do_shortcode_ta...', '<div class="ele...')
#13 C:\Users\Utente\Local Sites\your-own-blaiprint\app\public\wp-content\plugins\elementor\core\base\document.php(1903): do_shortcode('<div class="ele...')
#14 C:\Users\Utente\Local Sites\your-own-blaiprint\app\public\wp-content\plugins\elementor\core\base\document.php(1236): Elementor\Core\Base\Document->print_elements(Array)
#15 C:\Users\Utente\Local Sites\your-own-blaiprint\app\public\wp-content\plugins\elementor\includes\frontend.php(1223): Elementor\Core\Base\Document->print_elements_with_wrapper(Array)
#16 C:\Users\Utente\Local Sites\your-own-blaiprint\app\public\wp-content\plugins\elementor\includes\frontend.php(1105): Elementor\Frontend->get_builder_content(195)
#17 C:\Users\Utente\Local Sites\your-own-blaiprint\app\public\wp-includes\class-wp-hook.php(341): Elementor\Frontend->apply_builder_in_content('<h2>Identit\xC3\xA0</...')
#18 C:\Users\Utente\Local Sites\your-own-blaiprint\app\public\wp-includes\plugin.php(205): WP_Hook->apply_filters('<h2>Identit\xC3\xA0</...', Array)
#19 C:\Users\Utente\Local Sites\your-own-blaiprint\app\public\wp-includes\blocks.php(1506): apply_filters('the_content', '<h2>Identit\xC3\xA0</...')
#20 C:\Users\Utente\Local Sites\your-own-blaiprint\app\public\wp-includes\rest-api\endpoints\class-wp-rest-posts-controller.php(2190): insert_hooked_blocks_into_rest_response(Object(WP_REST_Response), Object(WP_Post))
#21 C:\Users\Utente\Local Sites\your-own-blaiprint\app\public\wp-includes\rest-api\endpoints\class-wp-rest-posts-controller.php(669): WP_REST_Posts_Controller->prepare_item_for_response(Object(WP_Post), Object(WP_REST_Request))
#22 C:\Users\Utente\Local Sites\your-own-blaiprint\app\public\wp-includes\rest-api\class-wp-rest-server.php(1293): WP_REST_Posts_Controller->get_item(Object(WP_REST_Request))
#23 C:\Users\Utente\Local Sites\your-own-blaiprint\app\public\wp-includes\rest-api\class-wp-rest-server.php(1126): WP_REST_Server->respond_to_request(Object(WP_REST_Request), '/wp/v2/pages/(?...', Array, NULL)
#24 C:\Users\Utente\Local Sites\your-own-blaiprint\app\public\wp-includes\rest-api\class-wp-rest-server.php(441): WP_REST_Server->dispatch(Object(WP_REST_Request))
#25 C:\Users\Utente\Local Sites\your-own-blaiprint\app\public\wp-includes\rest-api.php(480): WP_REST_Server->serve_request('/wp/v2/pages/19...')
#26 C:\Users\Utente\Local Sites\your-own-blaiprint\app\public\wp-includes\class-wp-hook.php(341): rest_api_loaded(Object(WP))
#27 C:\Users\Utente\Local Sites\your-own-blaiprint\app\public\wp-includes\class-wp-hook.php(365): WP_Hook->apply_filters('', Array)
#28 C:\Users\Utente\Local Sites\your-own-blaiprint\app\public\wp-includes\plugin.php(570): WP_Hook->do_action(Array)
#29 C:\Users\Utente\Local Sites\your-own-blaiprint\app\public\wp-includes\class-wp.php(418): do_action_ref_array('parse_request', Array)
#30 C:\Users\Utente\Local Sites\your-own-blaiprint\app\public\wp-includes\class-wp.php(821): WP->parse_request('')
#31 C:\Users\Utente\Local Sites\your-own-blaiprint\app\public\wp-includes\functions.php(1343): WP->main('')
#32 C:\Users\Utente\Local Sites\your-own-blaiprint\app\public\wp-blog-header.php(16): wp()
#33 C:\Users\Utente\Local Sites\your-own-blaiprint\app\public\index.php(17): require('C:\\Users\\Utente...')
#34 {main}
[21-Aug-2026 16:23:58 UTC] PHP Fatal error:  Cannot redeclare function genera_immagine_con_linee() (previously declared in C:\Users\Utente\Local Sites\your-own-blaiprint\app\public\wp-content\plugins\insert-php\includes\shortcodes\shortcode-php.php(70) : eval()'d code:2) in C:\Users\Utente\Local Sites\your-own-blaiprint\app\public\wp-content\plugins\insert-php\includes\shortcodes\shortcode-php.php(70) : eval()'d code on line 2
Stack trace:
#0 C:\Users\Utente\Local Sites\your-own-blaiprint\app\public\wp-content\plugins\insert-php\includes\shortcodes\shortcodes.php(85): WINP_SnippetShortcodePhp->html(Array, '', 'wbcr_php_snippe...')
#1 C:\Users\Utente\Local Sites\your-own-blaiprint\app\public\wp-includes\shortcodes.php(434): WINP_SnippetShortcode->render(Array, '', 'wbcr_php_snippe...')
#2 [internal function]: do_shortcode_tag(Array)
#3 C:\Users\Utente\Local Sites\your-own-blaiprint\app\public\wp-includes\shortcodes.php(273): preg_replace_callback('/\\[(\\[?)(wbcr_p...', 'do_shortcode_ta...', '[wbcr_php_snipp...')
#4 C:\Users\Utente\Local Sites\your-own-blaiprint\app\public\wp-content\plugins\elementor\includes\widgets\shortcode.php(141): do_shortcode('[wbcr_php_snipp...')
#5 C:\Users\Utente\Local Sites\your-own-blaiprint\app\public\wp-content\plugins\elementor\includes\base\controls-stack.php(2381): Elementor\Widget_Shortcode->render()
#6 C:\Users\Utente\Local Sites\your-own-blaiprint\app\public\wp-content\plugins\elementor\includes\base\widget-base.php(636): Elementor\Controls_Stack->render_by_mode()
#7 C:\Users\Utente\Local Sites\your-own-blaiprint\app\public\wp-content\plugins\elementor\includes\base\widget-base.php(782): Elementor\Widget_Base->render_content()
#8 C:\Users\Utente\Local Sites\your-own-blaiprint\app\public\wp-content\plugins\elementor\includes\base\element-base.php(522): Elementor\Widget_Base->print_content()
#9 C:\Users\Utente\Local Sites\your-own-blaiprint\app\public\wp-content\plugins\elementor\modules\element-cache\module.php(71): Elementor\Element_Base->print_element()
#10 C:\Users\Utente\Local Sites\your-own-blaiprint\app\public\wp-includes\shortcodes.php(434): Elementor\Modules\ElementCache\Module->{closure:Elementor\Modules\ElementCache\Module::register_shortcode():51}(Array, '', 'elementor-eleme...')
#11 [internal function]: do_shortcode_tag(Array)
#12 C:\Users\Utente\Local Sites\your-own-blaiprint\app\public\wp-includes\shortcodes.php(273): preg_replace_callback('/\\[(\\[?)(elemen...', 'do_shortcode_ta...', '<div class="ele...')
#13 C:\Users\Utente\Local Sites\your-own-blaiprint\app\public\wp-content\plugins\elementor\core\base\document.php(1903): do_shortcode('<div class="ele...')
#14 C:\Users\Utente\Local Sites\your-own-blaiprint\app\public\wp-content\plugins\elementor\core\base\document.php(1236): Elementor\Core\Base\Document->print_elements(Array)
#15 C:\Users\Utente\Local Sites\your-own-blaiprint\app\public\wp-content\plugins\elementor\includes\frontend.php(1223): Elementor\Core\Base\Document->print_elements_with_wrapper(Array)
#16 C:\Users\Utente\Local Sites\your-own-blaiprint\app\public\wp-content\plugins\elementor\includes\frontend.php(1105): Elementor\Frontend->get_builder_content(195)
#17 C:\Users\Utente\Local Sites\your-own-blaiprint\app\public\wp-includes\class-wp-hook.php(341): Elementor\Frontend->apply_builder_in_content('<h2>Identit\xC3\xA0</...')
#18 C:\Users\Utente\Local Sites\your-own-blaiprint\app\public\wp-includes\plugin.php(205): WP_Hook->apply_filters('<h2>Identit\xC3\xA0</...', Array)
#19 C:\Users\Utente\Local Sites\your-own-blaiprint\app\public\wp-includes\blocks.php(1506): apply_filters('the_content', '<h2>Identit\xC3\xA0</...')
#20 C:\Users\Utente\Local Sites\your-own-blaiprint\app\public\wp-includes\rest-api\endpoints\class-wp-rest-posts-controller.php(2190): insert_hooked_blocks_into_rest_response(Object(WP_REST_Response), Object(WP_Post))
#21 C:\Users\Utente\Local Sites\your-own-blaiprint\app\public\wp-includes\rest-api\endpoints\class-wp-rest-posts-controller.php(479): WP_REST_Posts_Controller->prepare_item_for_response(Object(WP_Post), Object(WP_REST_Request))
#22 C:\Users\Utente\Local Sites\your-own-blaiprint\app\public\wp-includes\rest-api\class-wp-rest-server.php(1293): WP_REST_Posts_Controller->get_items(Object(WP_REST_Request))
#23 C:\Users\Utente\Local Sites\your-own-blaiprint\app\public\wp-includes\rest-api\class-wp-rest-server.php(1126): WP_REST_Server->respond_to_request(Object(WP_REST_Request), '/wp/v2/pages', Array, NULL)
#24 C:\Users\Utente\Local Sites\your-own-blaiprint\app\public\wp-includes\rest-api\class-wp-rest-server.php(441): WP_REST_Server->dispatch(Object(WP_REST_Request))
#25 C:\Users\Utente\Local Sites\your-own-blaiprint\app\public\wp-includes\rest-api.php(480): WP_REST_Server->serve_request('/wp/v2/pages')
#26 C:\Users\Utente\Local Sites\your-own-blaiprint\app\public\wp-includes\class-wp-hook.php(341): rest_api_loaded(Object(WP))
#27 C:\Users\Utente\Local Sites\your-own-blaiprint\app\public\wp-includes\class-wp-hook.php(365): WP_Hook->apply_filters('', Array)
#28 C:\Users\Utente\Local Sites\your-own-blaiprint\app\public\wp-includes\plugin.php(570): WP_Hook->do_action(Array)
#29 C:\Users\Utente\Local Sites\your-own-blaiprint\app\public\wp-includes\class-wp.php(418): do_action_ref_array('parse_request', Array)
#30 C:\Users\Utente\Local Sites\your-own-blaiprint\app\public\wp-includes\class-wp.php(821): WP->parse_request('')
#31 C:\Users\Utente\Local Sites\your-own-blaiprint\app\public\wp-includes\functions.php(1343): WP->main('')
#32 C:\Users\Utente\Local Sites\your-own-blaiprint\app\public\wp-blog-header.php(16): wp()
#33 C:\Users\Utente\Local Sites\your-own-blaiprint\app\public\index.php(17): require('C:\\Users\\Utente...')
#34 {main}
[21-Aug-2026 16:27:25 UTC] PHP Fatal error:  Cannot redeclare function genera_immagine_con_linee() (previously declared in C:\Users\Utente\Local Sites\your-own-blaiprint\app\public\wp-content\plugins\insert-php\includes\shortcodes\shortcode-php.php(70) : eval()'d code:2) in C:\Users\Utente\Local Sites\your-own-blaiprint\app\public\wp-content\plugins\insert-php\includes\shortcodes\shortcode-php.php(70) : eval()'d code on line 2
Stack trace:
#0 C:\Users\Utente\Local Sites\your-own-blaiprint\app\public\wp-content\plugins\insert-php\includes\shortcodes\shortcodes.php(85): WINP_SnippetShortcodePhp->html(Array, '', 'wbcr_php_snippe...')
#1 C:\Users\Utente\Local Sites\your-own-blaiprint\app\public\wp-includes\shortcodes.php(434): WINP_SnippetShortcode->render(Array, '', 'wbcr_php_snippe...')
#2 [internal function]: do_shortcode_tag(Array)
#3 C:\Users\Utente\Local Sites\your-own-blaiprint\app\public\wp-includes\shortcodes.php(273): preg_replace_callback('/\\[(\\[?)(wbcr_p...', 'do_shortcode_ta...', '[wbcr_php_snipp...')
#4 C:\Users\Utente\Local Sites\your-own-blaiprint\app\public\wp-content\plugins\elementor\includes\widgets\shortcode.php(141): do_shortcode('[wbcr_php_snipp...')
#5 C:\Users\Utente\Local Sites\your-own-blaiprint\app\public\wp-content\plugins\elementor\includes\base\controls-stack.php(2381): Elementor\Widget_Shortcode->render()
#6 C:\Users\Utente\Local Sites\your-own-blaiprint\app\public\wp-content\plugins\elementor\includes\base\widget-base.php(636): Elementor\Controls_Stack->render_by_mode()
#7 C:\Users\Utente\Local Sites\your-own-blaiprint\app\public\wp-content\plugins\elementor\includes\base\widget-base.php(782): Elementor\Widget_Base->render_content()
#8 C:\Users\Utente\Local Sites\your-own-blaiprint\app\public\wp-content\plugins\elementor\includes\base\element-base.php(522): Elementor\Widget_Base->print_content()
#9 C:\Users\Utente\Local Sites\your-own-blaiprint\app\public\wp-content\plugins\elementor\modules\element-cache\module.php(71): Elementor\Element_Base->print_element()
#10 C:\Users\Utente\Local Sites\your-own-blaiprint\app\public\wp-includes\shortcodes.php(434): Elementor\Modules\ElementCache\Module->{closure:Elementor\Modules\ElementCache\Module::register_shortcode():51}(Array, '', 'elementor-eleme...')
#11 [internal function]: do_shortcode_tag(Array)
#12 C:\Users\Utente\Local Sites\your-own-blaiprint\app\public\wp-includes\shortcodes.php(273): preg_replace_callback('/\\[(\\[?)(elemen...', 'do_shortcode_ta...', '<div class="ele...')
#13 C:\Users\Utente\Local Sites\your-own-blaiprint\app\public\wp-content\plugins\elementor\core\base\document.php(1903): do_shortcode('<div class="ele...')
#14 C:\Users\Utente\Local Sites\your-own-blaiprint\app\public\wp-content\plugins\elementor\core\base\document.php(1236): Elementor\Core\Base\Document->print_elements(Array)
#15 C:\Users\Utente\Local Sites\your-own-blaiprint\app\public\wp-content\plugins\elementor\includes\frontend.php(1223): Elementor\Core\Base\Document->print_elements_with_wrapper(Array)
#16 C:\Users\Utente\Local Sites\your-own-blaiprint\app\public\wp-content\plugins\elementor\includes\frontend.php(1105): Elementor\Frontend->get_builder_content(195)
#17 C:\Users\Utente\Local Sites\your-own-blaiprint\app\public\wp-includes\class-wp-hook.php(341): Elementor\Frontend->apply_builder_in_content('<h2>Identit\xC3\xA0</...')
#18 C:\Users\Utente\Local Sites\your-own-blaiprint\app\public\wp-includes\plugin.php(205): WP_Hook->apply_filters('<h2>Identit\xC3\xA0</...', Array)
#19 C:\Users\Utente\Local Sites\your-own-blaiprint\app\public\wp-includes\blocks.php(1506): apply_filters('the_content', '<h2>Identit\xC3\xA0</...')
#20 C:\Users\Utente\Local Sites\your-own-blaiprint\app\public\wp-includes\rest-api\endpoints\class-wp-rest-posts-controller.php(2190): insert_hooked_blocks_into_rest_response(Object(WP_REST_Response), Object(WP_Post))
#21 C:\Users\Utente\Local Sites\your-own-blaiprint\app\public\wp-includes\rest-api\endpoints\class-wp-rest-posts-controller.php(669): WP_REST_Posts_Controller->prepare_item_for_response(Object(WP_Post), Object(WP_REST_Request))
#22 C:\Users\Utente\Local Sites\your-own-blaiprint\app\public\wp-includes\rest-api\class-wp-rest-server.php(1293): WP_REST_Posts_Controller->get_item(Object(WP_REST_Request))
#23 C:\Users\Utente\Local Sites\your-own-blaiprint\app\public\wp-includes\rest-api\class-wp-rest-server.php(1126): WP_REST_Server->respond_to_request(Object(WP_REST_Request), '/wp/v2/pages/(?...', Array, NULL)
#24 C:\Users\Utente\Local Sites\your-own-blaiprint\app\public\wp-includes\rest-api\class-wp-rest-server.php(441): WP_REST_Server->dispatch(Object(WP_REST_Request))
#25 C:\Users\Utente\Local Sites\your-own-blaiprint\app\public\wp-includes\rest-api.php(480): WP_REST_Server->serve_request('/wp/v2/pages/19...')
#26 C:\Users\Utente\Local Sites\your-own-blaiprint\app\public\wp-includes\class-wp-hook.php(341): rest_api_loaded(Object(WP))
#27 C:\Users\Utente\Local Sites\your-own-blaiprint\app\public\wp-includes\class-wp-hook.php(365): WP_Hook->apply_filters('', Array)
#28 C:\Users\Utente\Local Sites\your-own-blaiprint\app\public\wp-includes\plugin.php(570): WP_Hook->do_action(Array)
#29 C:\Users\Utente\Local Sites\your-own-blaiprint\app\public\wp-includes\class-wp.php(418): do_action_ref_array('parse_request', Array)
#30 C:\Users\Utente\Local Sites\your-own-blaiprint\app\public\wp-includes\class-wp.php(821): WP->parse_request('')
#31 C:\Users\Utente\Local Sites\your-own-blaiprint\app\public\wp-includes\functions.php(1343): WP->main('')
#32 C:\Users\Utente\Local Sites\your-own-blaiprint\app\public\wp-blog-header.php(16): wp()
#33 C:\Users\Utente\Local Sites\your-own-blaiprint\app\public\index.php(17): require('C:\\Users\\Utente...')
#34 {main}
[21-Aug-2026 16:27:47 UTC] PHP Fatal error:  Cannot redeclare function genera_immagine_con_linee() (previously declared in C:\Users\Utente\Local Sites\your-own-blaiprint\app\public\wp-content\plugins\insert-php\includes\shortcodes\shortcode-php.php(70) : eval()'d code:2) in C:\Users\Utente\Local Sites\your-own-blaiprint\app\public\wp-content\plugins\insert-php\includes\shortcodes\shortcode-php.php(70) : eval()'d code on line 2
Stack trace:
#0 C:\Users\Utente\Local Sites\your-own-blaiprint\app\public\wp-content\plugins\insert-php\includes\shortcodes\shortcodes.php(85): WINP_SnippetShortcodePhp->html(Array, '', 'wbcr_php_snippe...')
#1 C:\Users\Utente\Local Sites\your-own-blaiprint\app\public\wp-includes\shortcodes.php(434): WINP_SnippetShortcode->render(Array, '', 'wbcr_php_snippe...')
#2 [internal function]: do_shortcode_tag(Array)
#3 C:\Users\Utente\Local Sites\your-own-blaiprint\app\public\wp-includes\shortcodes.php(273): preg_replace_callback('/\\[(\\[?)(wbcr_p...', 'do_shortcode_ta...', '[wbcr_php_snipp...')
#4 C:\Users\Utente\Local Sites\your-own-blaiprint\app\public\wp-content\plugins\elementor\includes\widgets\shortcode.php(141): do_shortcode('[wbcr_php_snipp...')
#5 C:\Users\Utente\Local Sites\your-own-blaiprint\app\public\wp-content\plugins\elementor\includes\base\controls-stack.php(2381): Elementor\Widget_Shortcode->render()
#6 C:\Users\Utente\Local Sites\your-own-blaiprint\app\public\wp-content\plugins\elementor\includes\base\widget-base.php(636): Elementor\Controls_Stack->render_by_mode()
#7 C:\Users\Utente\Local Sites\your-own-blaiprint\app\public\wp-content\plugins\elementor\includes\base\widget-base.php(782): Elementor\Widget_Base->render_content()
#8 C:\Users\Utente\Local Sites\your-own-blaiprint\app\public\wp-content\plugins\elementor\includes\base\element-base.php(522): Elementor\Widget_Base->print_content()
#9 C:\Users\Utente\Local Sites\your-own-blaiprint\app\public\wp-content\plugins\elementor\modules\element-cache\module.php(71): Elementor\Element_Base->print_element()
#10 C:\Users\Utente\Local Sites\your-own-blaiprint\app\public\wp-includes\shortcodes.php(434): Elementor\Modules\ElementCache\Module->{closure:Elementor\Modules\ElementCache\Module::register_shortcode():51}(Array, '', 'elementor-eleme...')
#11 [internal function]: do_shortcode_tag(Array)
#12 C:\Users\Utente\Local Sites\your-own-blaiprint\app\public\wp-includes\shortcodes.php(273): preg_replace_callback('/\\[(\\[?)(elemen...', 'do_shortcode_ta...', '<div class="ele...')
#13 C:\Users\Utente\Local Sites\your-own-blaiprint\app\public\wp-content\plugins\elementor\core\base\document.php(1903): do_shortcode('<div class="ele...')
#14 C:\Users\Utente\Local Sites\your-own-blaiprint\app\public\wp-content\plugins\elementor\core\base\document.php(1236): Elementor\Core\Base\Document->print_elements(Array)
#15 C:\Users\Utente\Local Sites\your-own-blaiprint\app\public\wp-content\plugins\elementor\includes\frontend.php(1223): Elementor\Core\Base\Document->print_elements_with_wrapper(Array)
#16 C:\Users\Utente\Local Sites\your-own-blaiprint\app\public\wp-content\plugins\elementor\includes\frontend.php(1105): Elementor\Frontend->get_builder_content(195)
#17 C:\Users\Utente\Local Sites\your-own-blaiprint\app\public\wp-includes\class-wp-hook.php(341): Elementor\Frontend->apply_builder_in_content('<h2>Identit\xC3\xA0</...')
#18 C:\Users\Utente\Local Sites\your-own-blaiprint\app\public\wp-includes\plugin.php(205): WP_Hook->apply_filters('<h2>Identit\xC3\xA0</...', Array)
#19 C:\Users\Utente\Local Sites\your-own-blaiprint\app\public\wp-includes\blocks.php(1506): apply_filters('the_content', '<h2>Identit\xC3\xA0</...')
#20 C:\Users\Utente\Local Sites\your-own-blaiprint\app\public\wp-includes\rest-api\endpoints\class-wp-rest-posts-controller.php(2190): insert_hooked_blocks_into_rest_response(Object(WP_REST_Response), Object(WP_Post))
#21 C:\Users\Utente\Local Sites\your-own-blaiprint\app\public\wp-includes\rest-api\endpoints\class-wp-rest-posts-controller.php(479): WP_REST_Posts_Controller->prepare_item_for_response(Object(WP_Post), Object(WP_REST_Request))
#22 C:\Users\Utente\Local Sites\your-own-blaiprint\app\public\wp-includes\rest-api\class-wp-rest-server.php(1293): WP_REST_Posts_Controller->get_items(Object(WP_REST_Request))
#23 C:\Users\Utente\Local Sites\your-own-blaiprint\app\public\wp-includes\rest-api\class-wp-rest-server.php(1126): WP_REST_Server->respond_to_request(Object(WP_REST_Request), '/wp/v2/pages', Array, NULL)
#24 C:\Users\Utente\Local Sites\your-own-blaiprint\app\public\wp-includes\rest-api\class-wp-rest-server.php(441): WP_REST_Server->dispatch(Object(WP_REST_Request))
#25 C:\Users\Utente\Local Sites\your-own-blaiprint\app\public\wp-includes\rest-api.php(480): WP_REST_Server->serve_request('/wp/v2/pages')
#26 C:\Users\Utente\Local Sites\your-own-blaiprint\app\public\wp-includes\class-wp-hook.php(341): rest_api_loaded(Object(WP))
#27 C:\Users\Utente\Local Sites\your-own-blaiprint\app\public\wp-includes\class-wp-hook.php(365): WP_Hook->apply_filters('', Array)
#28 C:\Users\Utente\Local Sites\your-own-blaiprint\app\public\wp-includes\plugin.php(570): WP_Hook->do_action(Array)
#29 C:\Users\Utente\Local Sites\your-own-blaiprint\app\public\wp-includes\class-wp.php(418): do_action_ref_array('parse_request', Array)
#30 C:\Users\Utente\Local Sites\your-own-blaiprint\app\public\wp-includes\class-wp.php(821): WP->parse_request('')
#31 C:\Users\Utente\Local Sites\your-own-blaiprint\app\public\wp-includes\functions.php(1343): WP->main('')
#32 C:\Users\Utente\Local Sites\your-own-blaiprint\app\public\wp-blog-header.php(16): wp()
#33 C:\Users\Utente\Local Sites\your-own-blaiprint\app\public\index.php(17): require('C:\\Users\\Utente...')
#34 {main}
[22-Aug-2026 20:21:13 UTC] PHP Warning:  Undefined array key "editor_post_id" in C:\Users\Utente\Local Sites\your-own-blaiprint\app\public\wp-content\plugins\elementor\modules\history\revisions-manager.php on line 363
[22-Aug-2026 20:22:31 UTC] PHP Warning:  Undefined array key "editor_post_id" in C:\Users\Utente\Local Sites\your-own-blaiprint\app\public\wp-content\plugins\elementor\modules\history\revisions-manager.php on line 363
